"NUMERO","ANIO","PUBLICACION","CANTIDAD_NORMAS","LINK"
2055,2026,"23/06/2026",3,"https://www.rosario.gob.ar/normativa/ver/documento.do?accion=getPdf&id=2286&modo=attachment"
2054,2026,"22/06/2026",2,"https://www.rosario.gob.ar/normativa/ver/documento.do?accion=getPdf&id=2285&modo=attachment"
2053,2026,"19/06/2026",13,"https://www.rosario.gob.ar/normativa/ver/documento.do?accion=getPdf&id=2284&modo=attachment"
2052,2026,"18/06/2026",2,"https://www.rosario.gob.ar/normativa/ver/documento.do?accion=getPdf&id=2283&modo=attachment"
2051,2026,"16/06/2026",3,"https://www.rosario.gob.ar/normativa/ver/documento.do?accion=getPdf&id=2282&modo=attachment"
2050,2026,"12/06/2026",4,"https://www.rosario.gob.ar/normativa/ver/documento.do?accion=getPdf&id=2281&modo=attachment"
2049,2026,"11/06/2026",1,"https://www.rosario.gob.ar/normativa/ver/documento.do?accion=getPdf&id=2280&modo=attachment"
2048,2026,"10/06/2026",2,"https://www.rosario.gob.ar/normativa/ver/documento.do?accion=getPdf&id=2279&modo=attachment"
2047,2026,"09/06/2026",2,"https://www.rosario.gob.ar/normativa/ver/documento.do?accion=getPdf&id=2278&modo=attachment"
2046,2026,"08/06/2026",2,"https://www.rosario.gob.ar/normativa/ver/documento.do?accion=getPdf&id=2277&modo=attachment"
2045,2026,"05/06/2026",5,"https://www.rosario.gob.ar/normativa/ver/documento.do?accion=getPdf&id=2276&modo=attachment"
2044,2026,"04/06/2026",1,"https://www.rosario.gob.ar/normativa/ver/documento.do?accion=getPdf&id=2275&modo=attachment"
2043,2026,"03/06/2026",2,"https://www.rosario.gob.ar/normativa/ver/documento.do?accion=getPdf&id=2274&modo=attachment"
2042,2026,"02/06/2026",3,"https://www.rosario.gob.ar/normativa/ver/documento.do?accion=getPdf&id=2273&modo=attachment"
2041,2026,"28/05/2026",1,"https://www.rosario.gob.ar/normativa/ver/documento.do?accion=getPdf&id=2272&modo=attachment"
2040,2026,"27/05/2026",1,"https://www.rosario.gob.ar/normativa/ver/documento.do?accion=getPdf&id=2271&modo=attachment"
2039,2026,"26/05/2026",5,"https://www.rosario.gob.ar/normativa/ver/documento.do?accion=getPdf&id=2270&modo=attachment"
2038,2026,"20/05/2026",2,"https://www.rosario.gob.ar/normativa/ver/documento.do?accion=getPdf&id=2269&modo=attachment"
2037,2026,"19/05/2026",3,"https://www.rosario.gob.ar/normativa/ver/documento.do?accion=getPdf&id=2268&modo=attachment"
2036,2026,"15/05/2026",3,"https://www.rosario.gob.ar/normativa/ver/documento.do?accion=getPdf&id=2267&modo=attachment"
2035,2026,"14/05/2026",4,"https://www.rosario.gob.ar/normativa/ver/documento.do?accion=getPdf&id=2266&modo=attachment"
2034,2026,"12/05/2026",2,"https://www.rosario.gob.ar/normativa/ver/documento.do?accion=getPdf&id=2265&modo=attachment"
2033,2026,"07/05/2026",3,"https://www.rosario.gob.ar/normativa/ver/documento.do?accion=getPdf&id=2264&modo=attachment"
2032,2026,"24/04/2026",12,"https://www.rosario.gob.ar/normativa/ver/documento.do?accion=getPdf&id=2263&modo=attachment"
2031,2026,"23/04/2026",3,"https://www.rosario.gob.ar/normativa/ver/documento.do?accion=getPdf&id=2261&modo=attachment"
2030,2026,"22/04/2026",2,"https://www.rosario.gob.ar/normativa/ver/documento.do?accion=getPdf&id=2260&modo=attachment"
2029,2026,"21/04/2026",2,"https://www.rosario.gob.ar/normativa/ver/documento.do?accion=getPdf&id=2259&modo=attachment"
2028,2026,"20/04/2026",3,"https://www.rosario.gob.ar/normativa/ver/documento.do?accion=getPdf&id=2258&modo=attachment"
2027,2026,"16/04/2026",2,"https://www.rosario.gob.ar/normativa/ver/documento.do?accion=getPdf&id=2256&modo=attachment"
2026,2026,"15/04/2026",4,"https://www.rosario.gob.ar/normativa/ver/documento.do?accion=getPdf&id=2255&modo=attachment"
2025,2026,"14/04/2026",1,"https://www.rosario.gob.ar/normativa/ver/documento.do?accion=getPdf&id=2254&modo=attachment"
2024,2026,"13/04/2026",1,"https://www.rosario.gob.ar/normativa/ver/documento.do?accion=getPdf&id=2253&modo=attachment"
2023,2026,"09/04/2026",5,"https://www.rosario.gob.ar/normativa/ver/documento.do?accion=getPdf&id=2252&modo=attachment"
2022,2026,"08/04/2026",3,"https://www.rosario.gob.ar/normativa/ver/documento.do?accion=getPdf&id=2251&modo=attachment"
2021,2026,"07/04/2026",1,"https://www.rosario.gob.ar/normativa/ver/documento.do?accion=getPdf&id=2249&modo=attachment"
2020,2026,"06/04/2026",2,"https://www.rosario.gob.ar/normativa/ver/documento.do?accion=getPdf&id=2247&modo=attachment"
2019,2026,"01/04/2026",3,"https://www.rosario.gob.ar/normativa/ver/documento.do?accion=getPdf&id=2246&modo=attachment"
2018,2026,"31/03/2026",2,"https://www.rosario.gob.ar/normativa/ver/documento.do?accion=getPdf&id=2245&modo=attachment"
2017,2026,"30/03/2026",3,"https://www.rosario.gob.ar/normativa/ver/documento.do?accion=getPdf&id=2243&modo=attachment"
2016,2026,"27/03/2026",2,"https://www.rosario.gob.ar/normativa/ver/documento.do?accion=getPdf&id=2242&modo=attachment"
2015,2026,"26/03/2026",2,"https://www.rosario.gob.ar/normativa/ver/documento.do?accion=getPdf&id=2241&modo=attachment"
2014,2026,"25/03/2026",2,"https://www.rosario.gob.ar/normativa/ver/documento.do?accion=getPdf&id=2240&modo=attachment"
2013,2026,"20/03/2026",1,"https://www.rosario.gob.ar/normativa/ver/documento.do?accion=getPdf&id=2239&modo=attachment"
2012,2026,"19/03/2026",2,"https://www.rosario.gob.ar/normativa/ver/documento.do?accion=getPdf&id=2238&modo=attachment"
2011,2026,"18/03/2026",4,"https://www.rosario.gob.ar/normativa/ver/documento.do?accion=getPdf&id=2237&modo=attachment"
2010,2026,"17/03/2026",1,"https://www.rosario.gob.ar/normativa/ver/documento.do?accion=getPdf&id=2236&modo=attachment"
2009,2026,"16/03/2026",4,"https://www.rosario.gob.ar/normativa/ver/documento.do?accion=getPdf&id=2235&modo=attachment"
2008,2026,"13/03/2026",5,"https://www.rosario.gob.ar/normativa/ver/documento.do?accion=getPdf&id=2234&modo=attachment"
2007,2026,"11/03/2026",2,"https://www.rosario.gob.ar/normativa/ver/documento.do?accion=getPdf&id=2233&modo=attachment"
2006,2026,"09/03/2026",2,"https://www.rosario.gob.ar/normativa/ver/documento.do?accion=getPdf&id=2232&modo=attachment"
2005,2026,"06/03/2026",2,"https://www.rosario.gob.ar/normativa/ver/documento.do?accion=getPdf&id=2230&modo=attachment"
2004,2026,"05/03/2026",1,"https://www.rosario.gob.ar/normativa/ver/documento.do?accion=getPdf&id=2228&modo=attachment"
2003,2026,"04/03/2026",6,"https://www.rosario.gob.ar/normativa/ver/documento.do?accion=getPdf&id=2227&modo=attachment"
2002,2026,"03/03/2026",2,"https://www.rosario.gob.ar/normativa/ver/documento.do?accion=getPdf&id=2226&modo=attachment"
2001,2026,"27/02/2026",1,"https://www.rosario.gob.ar/normativa/ver/documento.do?accion=getPdf&id=2225&modo=attachment"
2000,2026,"26/02/2026",5,"https://www.rosario.gob.ar/normativa/ver/documento.do?accion=getPdf&id=2224&modo=attachment"
1999,2026,"25/02/2026",1,"https://www.rosario.gob.ar/normativa/ver/documento.do?accion=getPdf&id=2223&modo=attachment"
1998,2026,"24/02/2026",5,"https://www.rosario.gob.ar/normativa/ver/documento.do?accion=getPdf&id=2222&modo=attachment"
1997,2026,"20/02/2026",3,"https://www.rosario.gob.ar/normativa/ver/documento.do?accion=getPdf&id=2221&modo=attachment"
1996,2026,"19/02/2026",1,"https://www.rosario.gob.ar/normativa/ver/documento.do?accion=getPdf&id=2220&modo=attachment"
1995,2026,"18/02/2026",1,"https://www.rosario.gob.ar/normativa/ver/documento.do?accion=getPdf&id=2219&modo=attachment"
1994,2026,"13/02/2026",5,"https://www.rosario.gob.ar/normativa/ver/documento.do?accion=getPdf&id=2218&modo=attachment"
1993,2026,"12/02/2026",1,"https://www.rosario.gob.ar/normativa/ver/documento.do?accion=getPdf&id=2217&modo=attachment"
1992,2026,"11/02/2026",1,"https://www.rosario.gob.ar/normativa/ver/documento.do?accion=getPdf&id=2216&modo=attachment"
1991,2026,"10/02/2026",5,"https://www.rosario.gob.ar/normativa/ver/documento.do?accion=getPdf&id=2215&modo=attachment"
1990,2026,"06/02/2026",2,"https://www.rosario.gob.ar/normativa/ver/documento.do?accion=getPdf&id=2213&modo=attachment"
1989,2026,"05/02/2026",1,"https://www.rosario.gob.ar/normativa/ver/documento.do?accion=getPdf&id=2212&modo=attachment"
1988,2026,"03/02/2026",2,"https://www.rosario.gob.ar/normativa/ver/documento.do?accion=getPdf&id=2211&modo=attachment"
1987,2026,"02/02/2026",2,"https://www.rosario.gob.ar/normativa/ver/documento.do?accion=getPdf&id=2210&modo=attachment"
1986,2026,"30/01/2026",4,"https://www.rosario.gob.ar/normativa/ver/documento.do?accion=getPdf&id=2209&modo=attachment"
1985,2026,"29/01/2026",2,"https://www.rosario.gob.ar/normativa/ver/documento.do?accion=getPdf&id=2207&modo=attachment"
1984,2026,"27/01/2026",4,"https://www.rosario.gob.ar/normativa/ver/documento.do?accion=getPdf&id=2206&modo=attachment"
1983,2026,"23/01/2026",1,"https://www.rosario.gob.ar/normativa/ver/documento.do?accion=getPdf&id=2205&modo=attachment"
1982,2026,"22/01/2026",5,"https://www.rosario.gob.ar/normativa/ver/documento.do?accion=getPdf&id=2204&modo=attachment"
1981,2026,"21/01/2026",4,"https://www.rosario.gob.ar/normativa/ver/documento.do?accion=getPdf&id=2203&modo=attachment"
1980,2026,"20/01/2026",7,"https://www.rosario.gob.ar/normativa/ver/documento.do?accion=getPdf&id=2202&modo=attachment"
1979,2026,"19/01/2026",3,"https://www.rosario.gob.ar/normativa/ver/documento.do?accion=getPdf&id=2201&modo=attachment"
1978,2026,"15/01/2026",4,"https://www.rosario.gob.ar/normativa/ver/documento.do?accion=getPdf&id=2200&modo=attachment"
1977,2026,"14/01/2026",1,"https://www.rosario.gob.ar/normativa/ver/documento.do?accion=getPdf&id=2199&modo=attachment"
1976,2026,"13/01/2026",3,"https://www.rosario.gob.ar/normativa/ver/documento.do?accion=getPdf&id=2198&modo=attachment"
1975,2026,"12/01/2026",5,"https://www.rosario.gob.ar/normativa/ver/documento.do?accion=getPdf&id=2197&modo=attachment"
1974,2026,"09/01/2026",1,"https://www.rosario.gob.ar/normativa/ver/documento.do?accion=getPdf&id=2196&modo=attachment"
1973,2026,"08/01/2026",4,"https://www.rosario.gob.ar/normativa/ver/documento.do?accion=getPdf&id=2195&modo=attachment"
1972,2026,"06/01/2026",3,"https://www.rosario.gob.ar/normativa/ver/documento.do?accion=getPdf&id=2194&modo=attachment"
1971,2026,"05/01/2026",5,"https://www.rosario.gob.ar/normativa/ver/documento.do?accion=getPdf&id=2193&modo=attachment"
1970,2025,"30/12/2025",9,"https://www.rosario.gob.ar/normativa/ver/documento.do?accion=getPdf&id=2192&modo=attachment"
1969,2025,"29/12/2025",2,"https://www.rosario.gob.ar/normativa/ver/documento.do?accion=getPdf&id=2191&modo=attachment"
1968,2025,"23/12/2025",1,"https://www.rosario.gob.ar/normativa/ver/documento.do?accion=getPdf&id=2189&modo=attachment"
1967,2025,"22/12/2025",5,"https://www.rosario.gob.ar/normativa/ver/documento.do?accion=getPdf&id=2188&modo=attachment"
1966,2025,"18/12/2025",4,"https://www.rosario.gob.ar/normativa/ver/documento.do?accion=getPdf&id=2187&modo=attachment"
1965,2025,"17/12/2025",5,"https://www.rosario.gob.ar/normativa/ver/documento.do?accion=getPdf&id=2186&modo=attachment"
1964,2025,"16/12/2025",1,"https://www.rosario.gob.ar/normativa/ver/documento.do?accion=getPdf&id=2185&modo=attachment"
1963,2025,"15/12/2025",1,"https://www.rosario.gob.ar/normativa/ver/documento.do?accion=getPdf&id=2184&modo=attachment"
1962,2025,"12/12/2025",2,"https://www.rosario.gob.ar/normativa/ver/documento.do?accion=getPdf&id=2183&modo=attachment"
1961,2025,"11/12/2025",3,"https://www.rosario.gob.ar/normativa/ver/documento.do?accion=getPdf&id=2182&modo=attachment"
1960,2025,"10/12/2025",7,"https://www.rosario.gob.ar/normativa/ver/documento.do?accion=getPdf&id=2181&modo=attachment"
1959,2025,"04/12/2025",2,"https://www.rosario.gob.ar/normativa/ver/documento.do?accion=getPdf&id=2180&modo=attachment"
1958,2025,"03/12/2025",1,"https://www.rosario.gob.ar/normativa/ver/documento.do?accion=getPdf&id=2179&modo=attachment"
1957,2025,"02/12/2025",3,"https://www.rosario.gob.ar/normativa/ver/documento.do?accion=getPdf&id=2178&modo=attachment"
1956,2025,"01/12/2025",3,"https://www.rosario.gob.ar/normativa/ver/documento.do?accion=getPdf&id=2177&modo=attachment"
1955,2025,"28/11/2025",1,"https://www.rosario.gob.ar/normativa/ver/documento.do?accion=getPdf&id=2176&modo=attachment"
1954,2025,"27/11/2025",4,"https://www.rosario.gob.ar/normativa/ver/documento.do?accion=getPdf&id=2175&modo=attachment"
1953,2025,"26/11/2025",1,"https://www.rosario.gob.ar/normativa/ver/documento.do?accion=getPdf&id=2174&modo=attachment"
1952,2025,"20/11/2025",5,"https://www.rosario.gob.ar/normativa/ver/documento.do?accion=getPdf&id=2173&modo=attachment"
1951,2025,"19/11/2025",1,"https://www.rosario.gob.ar/normativa/ver/documento.do?accion=getPdf&id=2172&modo=attachment"
1950,2025,"18/11/2025",3,"https://www.rosario.gob.ar/normativa/ver/documento.do?accion=getPdf&id=2171&modo=attachment"
1949,2025,"17/11/2025",5,"https://www.rosario.gob.ar/normativa/ver/documento.do?accion=getPdf&id=2170&modo=attachment"
1948,2025,"14/11/2025",2,"https://www.rosario.gob.ar/normativa/ver/documento.do?accion=getPdf&id=2169&modo=attachment"
1947,2025,"13/11/2025",1,"https://www.rosario.gob.ar/normativa/ver/documento.do?accion=getPdf&id=2168&modo=attachment"
1946,2025,"11/11/2025",3,"https://www.rosario.gob.ar/normativa/ver/documento.do?accion=getPdf&id=2167&modo=attachment"
1945,2025,"07/11/2025",4,"https://www.rosario.gob.ar/normativa/ver/documento.do?accion=getPdf&id=2166&modo=attachment"
1944,2025,"06/11/2025",1,"https://www.rosario.gob.ar/normativa/ver/documento.do?accion=getPdf&id=2165&modo=attachment"
1943,2025,"05/11/2025",2,"https://www.rosario.gob.ar/normativa/ver/documento.do?accion=getPdf&id=2164&modo=attachment"
1942,2025,"04/11/2025",6,"https://www.rosario.gob.ar/normativa/ver/documento.do?accion=getPdf&id=2163&modo=attachment"
1941,2025,"03/11/2025",3,"https://www.rosario.gob.ar/normativa/ver/documento.do?accion=getPdf&id=2162&modo=attachment"
1940,2025,"31/10/2025",3,"https://www.rosario.gob.ar/normativa/ver/documento.do?accion=getPdf&id=2161&modo=attachment"
1939,2025,"29/10/2025",2,"https://www.rosario.gob.ar/normativa/ver/documento.do?accion=getPdf&id=2160&modo=attachment"
1938,2025,"24/10/2025",1,"https://www.rosario.gob.ar/normativa/ver/documento.do?accion=getPdf&id=2158&modo=attachment"
1937,2025,"23/10/2025",1,"https://www.rosario.gob.ar/normativa/ver/documento.do?accion=getPdf&id=2157&modo=attachment"
1936,2025,"22/10/2025",2,"https://www.rosario.gob.ar/normativa/ver/documento.do?accion=getPdf&id=2156&modo=attachment"
1935,2025,"20/10/2025",1,"https://www.rosario.gob.ar/normativa/ver/documento.do?accion=getPdf&id=2155&modo=attachment"
1934,2025,"17/10/2025",3,"https://www.rosario.gob.ar/normativa/ver/documento.do?accion=getPdf&id=2154&modo=attachment"
1933,2025,"15/10/2025",6,"https://www.rosario.gob.ar/normativa/ver/documento.do?accion=getPdf&id=2149&modo=attachment"
1932,2025,"14/10/2025",1,"https://www.rosario.gob.ar/normativa/ver/documento.do?accion=getPdf&id=2147&modo=attachment"
1931,2025,"08/10/2025",1,"https://www.rosario.gob.ar/normativa/ver/documento.do?accion=getPdf&id=2146&modo=attachment"
1930,2025,"06/10/2025",2,"https://www.rosario.gob.ar/normativa/ver/documento.do?accion=getPdf&id=2145&modo=attachment"
1929,2025,"02/10/2025",2,"https://www.rosario.gob.ar/normativa/ver/documento.do?accion=getPdf&id=2144&modo=attachment"
1928,2025,"01/10/2025",3,"https://www.rosario.gob.ar/normativa/ver/documento.do?accion=getPdf&id=2143&modo=attachment"
1927,2025,"30/09/2025",1,"https://www.rosario.gob.ar/normativa/ver/documento.do?accion=getPdf&id=2142&modo=attachment"
1926,2025,"29/09/2025",4,"https://www.rosario.gob.ar/normativa/ver/documento.do?accion=getPdf&id=2141&modo=attachment"
1925,2025,"26/09/2025",2,"https://www.rosario.gob.ar/normativa/ver/documento.do?accion=getPdf&id=2140&modo=attachment"
1924,2025,"25/09/2025",1,"https://www.rosario.gob.ar/normativa/ver/documento.do?accion=getPdf&id=2139&modo=attachment"
1923,2025,"24/09/2025",3,"https://www.rosario.gob.ar/normativa/ver/documento.do?accion=getPdf&id=2138&modo=attachment"
1922,2025,"23/09/2025",3,"https://www.rosario.gob.ar/normativa/ver/documento.do?accion=getPdf&id=2137&modo=attachment"
1921,2025,"22/09/2025",1,"https://www.rosario.gob.ar/normativa/ver/documento.do?accion=getPdf&id=2136&modo=attachment"
1920,2025,"19/09/2025",2,"https://www.rosario.gob.ar/normativa/ver/documento.do?accion=getPdf&id=2135&modo=attachment"
1919,2025,"18/09/2025",1,"https://www.rosario.gob.ar/normativa/ver/documento.do?accion=getPdf&id=2134&modo=attachment"
1918,2025,"17/09/2025",1,"https://www.rosario.gob.ar/normativa/ver/documento.do?accion=getPdf&id=2133&modo=attachment"
1917,2025,"15/09/2025",5,"https://www.rosario.gob.ar/normativa/ver/documento.do?accion=getPdf&id=2132&modo=attachment"
1916,2025,"11/09/2025",5,"https://www.rosario.gob.ar/normativa/ver/documento.do?accion=getPdf&id=2131&modo=attachment"
1915,2025,"10/09/2025",3,"https://www.rosario.gob.ar/normativa/ver/documento.do?accion=getPdf&id=2130&modo=attachment"
1914,2025,"09/09/2025",2,"https://www.rosario.gob.ar/normativa/ver/documento.do?accion=getPdf&id=2129&modo=attachment"
1913,2025,"03/09/2025",4,"https://www.rosario.gob.ar/normativa/ver/documento.do?accion=getPdf&id=2128&modo=attachment"
1912,2025,"01/09/2025",1,"https://www.rosario.gob.ar/normativa/ver/documento.do?accion=getPdf&id=2127&modo=attachment"
1911,2025,"29/08/2025",1,"https://www.rosario.gob.ar/normativa/ver/documento.do?accion=getPdf&id=2126&modo=attachment"
1910,2025,"28/08/2025",2,"https://www.rosario.gob.ar/normativa/ver/documento.do?accion=getPdf&id=2124&modo=attachment"
1909,2025,"26/08/2025",1,"https://www.rosario.gob.ar/normativa/ver/documento.do?accion=getPdf&id=2123&modo=attachment"
1908,2025,"25/08/2025",1,"https://www.rosario.gob.ar/normativa/ver/documento.do?accion=getPdf&id=2122&modo=attachment"
1907,2025,"22/08/2025",2,"https://www.rosario.gob.ar/normativa/ver/documento.do?accion=getPdf&id=2121&modo=attachment"
1906,2025,"21/08/2025",1,"https://www.rosario.gob.ar/normativa/ver/documento.do?accion=getPdf&id=2120&modo=attachment"
1905,2025,"20/08/2025",1,"https://www.rosario.gob.ar/normativa/ver/documento.do?accion=getPdf&id=2119&modo=attachment"
1904,2025,"13/08/2025",1,"https://www.rosario.gob.ar/normativa/ver/documento.do?accion=getPdf&id=2118&modo=attachment"
1903,2025,"12/08/2025",2,"https://www.rosario.gob.ar/normativa/ver/documento.do?accion=getPdf&id=2117&modo=attachment"
1902,2025,"11/08/2025",1,"https://www.rosario.gob.ar/normativa/ver/documento.do?accion=getPdf&id=2116&modo=attachment"
1901,2025,"08/08/2025",1,"https://www.rosario.gob.ar/normativa/ver/documento.do?accion=getPdf&id=2115&modo=attachment"
1900,2025,"07/08/2025",2,"https://www.rosario.gob.ar/normativa/ver/documento.do?accion=getPdf&id=2113&modo=attachment"
1899,2025,"06/08/2025",1,"https://www.rosario.gob.ar/normativa/ver/documento.do?accion=getPdf&id=2112&modo=attachment"
1898,2025,"05/08/2025",1,"https://www.rosario.gob.ar/normativa/ver/documento.do?accion=getPdf&id=2111&modo=attachment"
1897,2025,"04/08/2025",2,"https://www.rosario.gob.ar/normativa/ver/documento.do?accion=getPdf&id=2110&modo=attachment"
1896,2025,"01/08/2025",2,"https://www.rosario.gob.ar/normativa/ver/documento.do?accion=getPdf&id=2109&modo=attachment"
1895,2025,"31/07/2025",1,"https://www.rosario.gob.ar/normativa/ver/documento.do?accion=getPdf&id=2108&modo=attachment"
1894,2025,"30/07/2025",1,"https://www.rosario.gob.ar/normativa/ver/documento.do?accion=getPdf&id=2107&modo=attachment"
1893,2025,"29/07/2025",3,"https://www.rosario.gob.ar/normativa/ver/documento.do?accion=getPdf&id=2106&modo=attachment"
1892,2025,"28/07/2025",2,"https://www.rosario.gob.ar/normativa/ver/documento.do?accion=getPdf&id=2105&modo=attachment"
1891,2025,"25/07/2025",2,"https://www.rosario.gob.ar/normativa/ver/documento.do?accion=getPdf&id=2104&modo=attachment"
1890,2025,"24/07/2025",2,"https://www.rosario.gob.ar/normativa/ver/documento.do?accion=getPdf&id=2103&modo=attachment"
1889,2025,"23/07/2025",4,"https://www.rosario.gob.ar/normativa/ver/documento.do?accion=getPdf&id=2102&modo=attachment"
1888,2025,"21/07/2025",1,"https://www.rosario.gob.ar/normativa/ver/documento.do?accion=getPdf&id=2101&modo=attachment"
1887,2025,"18/07/2025",1,"https://www.rosario.gob.ar/normativa/ver/documento.do?accion=getPdf&id=2100&modo=attachment"
1886,2025,"17/07/2025",4,"https://www.rosario.gob.ar/normativa/ver/documento.do?accion=getPdf&id=2099&modo=attachment"
1885,2025,"15/07/2025",2,"https://www.rosario.gob.ar/normativa/ver/documento.do?accion=getPdf&id=2098&modo=attachment"
1884,2025,"11/07/2025",4,"https://www.rosario.gob.ar/normativa/ver/documento.do?accion=getPdf&id=2097&modo=attachment"
1883,2025,"10/07/2025",7,"https://www.rosario.gob.ar/normativa/ver/documento.do?accion=getPdf&id=2096&modo=attachment"
1882,2025,"08/07/2025",4,"https://www.rosario.gob.ar/normativa/ver/documento.do?accion=getPdf&id=2095&modo=attachment"
1881,2025,"04/07/2025",1,"https://www.rosario.gob.ar/normativa/ver/documento.do?accion=getPdf&id=2094&modo=attachment"
1880,2025,"03/07/2025",3,"https://www.rosario.gob.ar/normativa/ver/documento.do?accion=getPdf&id=2093&modo=attachment"
1879,2025,"30/06/2025",3,"https://www.rosario.gob.ar/normativa/ver/documento.do?accion=getPdf&id=2090&modo=attachment"
1878,2025,"27/06/2025",2,"https://www.rosario.gob.ar/normativa/ver/documento.do?accion=getPdf&id=2089&modo=attachment"
1877,2025,"26/06/2025",6,"https://www.rosario.gob.ar/normativa/ver/documento.do?accion=getPdf&id=2088&modo=attachment"
1876,2025,"24/06/2025",4,"https://www.rosario.gob.ar/normativa/ver/documento.do?accion=getPdf&id=2087&modo=attachment"
1875,2025,"23/06/2025",3,"https://www.rosario.gob.ar/normativa/ver/documento.do?accion=getPdf&id=2086&modo=attachment"
1874,2025,"19/06/2025",5,"https://www.rosario.gob.ar/normativa/ver/documento.do?accion=getPdf&id=2085&modo=attachment"
1873,2025,"18/06/2025",1,"https://www.rosario.gob.ar/normativa/ver/documento.do?accion=getPdf&id=2084&modo=attachment"
1872,2025,"17/06/2025",4,"https://www.rosario.gob.ar/normativa/ver/documento.do?accion=getPdf&id=2083&modo=attachment"
1871,2025,"13/06/2025",1,"https://www.rosario.gob.ar/normativa/ver/documento.do?accion=getPdf&id=2082&modo=attachment"
1870,2025,"12/06/2025",4,"https://www.rosario.gob.ar/normativa/ver/documento.do?accion=getPdf&id=2080&modo=attachment"
1869,2025,"11/06/2025",3,"https://www.rosario.gob.ar/normativa/ver/documento.do?accion=getPdf&id=2079&modo=attachment"
1868,2025,"09/06/2025",3,"https://www.rosario.gob.ar/normativa/ver/documento.do?accion=getPdf&id=2078&modo=attachment"
1867,2025,"06/06/2025",2,"https://www.rosario.gob.ar/normativa/ver/documento.do?accion=getPdf&id=2077&modo=attachment"
1866,2025,"05/06/2025",5,"https://www.rosario.gob.ar/normativa/ver/documento.do?accion=getPdf&id=2076&modo=attachment"
1865,2025,"04/06/2025",1,"https://www.rosario.gob.ar/normativa/ver/documento.do?accion=getPdf&id=2075&modo=attachment"
1864,2025,"03/06/2025",2,"https://www.rosario.gob.ar/normativa/ver/documento.do?accion=getPdf&id=2074&modo=attachment"
1863,2025,"30/05/2025",3,"https://www.rosario.gob.ar/normativa/ver/documento.do?accion=getPdf&id=2073&modo=attachment"
1862,2025,"29/05/2025",1,"https://www.rosario.gob.ar/normativa/ver/documento.do?accion=getPdf&id=2072&modo=attachment"
1861,2025,"28/05/2025",3,"https://www.rosario.gob.ar/normativa/ver/documento.do?accion=getPdf&id=2071&modo=attachment"
1860,2025,"26/05/2025",3,"https://www.rosario.gob.ar/normativa/ver/documento.do?accion=getPdf&id=2070&modo=attachment"
1859,2025,"21/05/2025",4,"https://www.rosario.gob.ar/normativa/ver/documento.do?accion=getPdf&id=2069&modo=attachment"
1858,2025,"19/05/2025",1,"https://www.rosario.gob.ar/normativa/ver/documento.do?accion=getPdf&id=2068&modo=attachment"
1857,2025,"16/05/2025",3,"https://www.rosario.gob.ar/normativa/ver/documento.do?accion=getPdf&id=2067&modo=attachment"
1856,2025,"15/05/2025",1,"https://www.rosario.gob.ar/normativa/ver/documento.do?accion=getPdf&id=2066&modo=attachment"
1855,2025,"12/05/2025",4,"https://www.rosario.gob.ar/normativa/ver/documento.do?accion=getPdf&id=2065&modo=attachment"
1854,2025,"09/05/2025",1,"https://www.rosario.gob.ar/normativa/ver/documento.do?accion=getPdf&id=2064&modo=attachment"
1853,2025,"07/05/2025",3,"https://www.rosario.gob.ar/normativa/ver/documento.do?accion=getPdf&id=2063&modo=attachment"
1852,2025,"06/05/2025",6,"https://www.rosario.gob.ar/normativa/ver/documento.do?accion=getPdf&id=2062&modo=attachment"
1851,2025,"05/05/2025",3,"https://www.rosario.gob.ar/normativa/ver/documento.do?accion=getPdf&id=2061&modo=attachment"
1850,2025,"30/04/2025",3,"https://www.rosario.gob.ar/normativa/ver/documento.do?accion=getPdf&id=2060&modo=attachment"
1849,2025,"29/04/2025",5,"https://www.rosario.gob.ar/normativa/ver/documento.do?accion=getPdf&id=2059&modo=attachment"
1848,2025,"28/04/2025",5,"https://www.rosario.gob.ar/normativa/ver/documento.do?accion=getPdf&id=2058&modo=attachment"
1847,2025,"24/04/2025",3,"https://www.rosario.gob.ar/normativa/ver/documento.do?accion=getPdf&id=2056&modo=attachment"
1846,2025,"23/04/2025",3,"https://www.rosario.gob.ar/normativa/ver/documento.do?accion=getPdf&id=2055&modo=attachment"
1845,2025,"21/04/2025",6,"https://www.rosario.gob.ar/normativa/ver/documento.do?accion=getPdf&id=2054&modo=attachment"
1844,2025,"15/04/2025",2,"https://www.rosario.gob.ar/normativa/ver/documento.do?accion=getPdf&id=2052&modo=attachment"
1843,2025,"14/04/2025",2,"https://www.rosario.gob.ar/normativa/ver/documento.do?accion=getPdf&id=2051&modo=attachment"
1842,2025,"11/04/2025",7,"https://www.rosario.gob.ar/normativa/ver/documento.do?accion=getPdf&id=2050&modo=attachment"
1841,2025,"09/04/2025",1,"https://www.rosario.gob.ar/normativa/ver/documento.do?accion=getPdf&id=2049&modo=attachment"
1840,2025,"08/04/2025",1,"https://www.rosario.gob.ar/normativa/ver/documento.do?accion=getPdf&id=2048&modo=attachment"
1839,2025,"07/04/2025",2,"https://www.rosario.gob.ar/normativa/ver/documento.do?accion=getPdf&id=2047&modo=attachment"
1838,2025,"04/04/2025",1,"https://www.rosario.gob.ar/normativa/ver/documento.do?accion=getPdf&id=2046&modo=attachment"
1837,2025,"03/04/2025",2,"https://www.rosario.gob.ar/normativa/ver/documento.do?accion=getPdf&id=2045&modo=attachment"
1836,2025,"01/04/2025",5,"https://www.rosario.gob.ar/normativa/ver/documento.do?accion=getPdf&id=2044&modo=attachment"
1835,2025,"31/03/2025",1,"https://www.rosario.gob.ar/normativa/ver/documento.do?accion=getPdf&id=2043&modo=attachment"
1834,2025,"28/03/2025",1,"https://www.rosario.gob.ar/normativa/ver/documento.do?accion=getPdf&id=2042&modo=attachment"
1833,2025,"27/03/2025",1,"https://www.rosario.gob.ar/normativa/ver/documento.do?accion=getPdf&id=2041&modo=attachment"
1832,2025,"26/03/2025",4,"https://www.rosario.gob.ar/normativa/ver/documento.do?accion=getPdf&id=2040&modo=attachment"
1831,2025,"21/03/2025",7,"https://www.rosario.gob.ar/normativa/ver/documento.do?accion=getPdf&id=2039&modo=attachment"
1830,2025,"20/03/2025",8,"https://www.rosario.gob.ar/normativa/ver/documento.do?accion=getPdf&id=2038&modo=attachment"
1829,2025,"13/03/2025",1,"https://www.rosario.gob.ar/normativa/ver/documento.do?accion=getPdf&id=2036&modo=attachment"
1828,2025,"10/03/2025",4,"https://www.rosario.gob.ar/normativa/ver/documento.do?accion=getPdf&id=2035&modo=attachment"
1827,2025,"07/03/2025",1,"https://www.rosario.gob.ar/normativa/ver/documento.do?accion=getPdf&id=2034&modo=attachment"
1826,2025,"06/03/2025",5,"https://www.rosario.gob.ar/normativa/ver/documento.do?accion=getPdf&id=2033&modo=attachment"
1825,2025,"05/03/2025",2,"https://www.rosario.gob.ar/normativa/ver/documento.do?accion=getPdf&id=2032&modo=attachment"
1824,2025,"28/02/2025",2,"https://www.rosario.gob.ar/normativa/ver/documento.do?accion=getPdf&id=2030&modo=attachment"
1823,2025,"27/02/2025",2,"https://www.rosario.gob.ar/normativa/ver/documento.do?accion=getPdf&id=2029&modo=attachment"
1822,2025,"26/02/2025",1,"https://www.rosario.gob.ar/normativa/ver/documento.do?accion=getPdf&id=2028&modo=attachment"
1821,2025,"24/02/2025",1,"https://www.rosario.gob.ar/normativa/ver/documento.do?accion=getPdf&id=2027&modo=attachment"
1820,2025,"21/02/2025",2,"https://www.rosario.gob.ar/normativa/ver/documento.do?accion=getPdf&id=2026&modo=attachment"
1819,2025,"17/02/2025",1,"https://www.rosario.gob.ar/normativa/ver/documento.do?accion=getPdf&id=2025&modo=attachment"
1818,2025,"14/02/2025",8,"https://www.rosario.gob.ar/normativa/ver/documento.do?accion=getPdf&id=2024&modo=attachment"
1817,2025,"11/02/2025",1,"https://www.rosario.gob.ar/normativa/ver/documento.do?accion=getPdf&id=2023&modo=attachment"
1816,2025,"07/02/2025",5,"https://www.rosario.gob.ar/normativa/ver/documento.do?accion=getPdf&id=2022&modo=attachment"
1815,2025,"06/02/2025",3,"https://www.rosario.gob.ar/normativa/ver/documento.do?accion=getPdf&id=2021&modo=attachment"
1814,2025,"04/02/2025",3,"https://www.rosario.gob.ar/normativa/ver/documento.do?accion=getPdf&id=2020&modo=attachment"
1813,2025,"03/02/2025",3,"https://www.rosario.gob.ar/normativa/ver/documento.do?accion=getPdf&id=2019&modo=attachment"
1812,2025,"31/01/2025",9,"https://www.rosario.gob.ar/normativa/ver/documento.do?accion=getPdf&id=2018&modo=attachment"
1811,2025,"29/01/2025",1,"https://www.rosario.gob.ar/normativa/ver/documento.do?accion=getPdf&id=2015&modo=attachment"
1810,2025,"28/01/2025",3,"https://www.rosario.gob.ar/normativa/ver/documento.do?accion=getPdf&id=2014&modo=attachment"
1809,2025,"27/01/2025",4,"https://www.rosario.gob.ar/normativa/ver/documento.do?accion=getPdf&id=2013&modo=attachment"
1808,2025,"24/01/2025",3,"https://www.rosario.gob.ar/normativa/ver/documento.do?accion=getPdf&id=2012&modo=attachment"
1807,2025,"23/01/2025",9,"https://www.rosario.gob.ar/normativa/ver/documento.do?accion=getPdf&id=2011&modo=attachment"
1806,2025,"21/01/2025",2,"https://www.rosario.gob.ar/normativa/ver/documento.do?accion=getPdf&id=2010&modo=attachment"
1805,2025,"17/01/2025",1,"https://www.rosario.gob.ar/normativa/ver/documento.do?accion=getPdf&id=2009&modo=attachment"
1804,2025,"16/01/2025",2,"https://www.rosario.gob.ar/normativa/ver/documento.do?accion=getPdf&id=2008&modo=attachment"
1803,2025,"15/01/2025",6,"https://www.rosario.gob.ar/normativa/ver/documento.do?accion=getPdf&id=2007&modo=attachment"
1802,2025,"14/01/2025",1,"https://www.rosario.gob.ar/normativa/ver/documento.do?accion=getPdf&id=2006&modo=attachment"
1801,2025,"13/01/2025",1,"https://www.rosario.gob.ar/normativa/ver/documento.do?accion=getPdf&id=2005&modo=attachment"
1800,2025,"10/01/2025",3,"https://www.rosario.gob.ar/normativa/ver/documento.do?accion=getPdf&id=2004&modo=attachment"
1799,2025,"08/01/2025",2,"https://www.rosario.gob.ar/normativa/ver/documento.do?accion=getPdf&id=2003&modo=attachment"
1798,2025,"07/01/2025",5,"https://www.rosario.gob.ar/normativa/ver/documento.do?accion=getPdf&id=2002&modo=attachment"
1797,2025,"03/01/2025",8,"https://www.rosario.gob.ar/normativa/ver/documento.do?accion=getPdf&id=2001&modo=attachment"
1796,2024,"30/12/2024",12,"https://www.rosario.gob.ar/normativa/ver/documento.do?accion=getPdf&id=2000&modo=attachment"
1795,2024,"27/12/2024",2,"https://www.rosario.gob.ar/normativa/ver/documento.do?accion=getPdf&id=1999&modo=attachment"
1794,2024,"24/12/2024",5,"https://www.rosario.gob.ar/normativa/ver/documento.do?accion=getPdf&id=1997&modo=attachment"
1793,2024,"23/12/2024",2,"https://www.rosario.gob.ar/normativa/ver/documento.do?accion=getPdf&id=1996&modo=attachment"
1792,2024,"19/12/2024",5,"https://www.rosario.gob.ar/normativa/ver/documento.do?accion=getPdf&id=1995&modo=attachment"
1791,2024,"17/12/2024",2,"https://www.rosario.gob.ar/normativa/ver/documento.do?accion=getPdf&id=1994&modo=attachment"
1790,2024,"16/12/2024",2,"https://www.rosario.gob.ar/normativa/ver/documento.do?accion=getPdf&id=1993&modo=attachment"
1789,2024,"13/12/2024",6,"https://www.rosario.gob.ar/normativa/ver/documento.do?accion=getPdf&id=1992&modo=attachment"
1788,2024,"12/12/2024",3,"https://www.rosario.gob.ar/normativa/ver/documento.do?accion=getPdf&id=1991&modo=attachment"
1787,2024,"11/12/2024",5,"https://www.rosario.gob.ar/normativa/ver/documento.do?accion=getPdf&id=1990&modo=attachment"
1786,2024,"10/12/2024",4,"https://www.rosario.gob.ar/normativa/ver/documento.do?accion=getPdf&id=1989&modo=attachment"
1785,2024,"05/12/2024",2,"https://www.rosario.gob.ar/normativa/ver/documento.do?accion=getPdf&id=1987&modo=attachment"
1784,2024,"03/12/2024",1,"https://www.rosario.gob.ar/normativa/ver/documento.do?accion=getPdf&id=1986&modo=attachment"
1783,2024,"02/12/2024",2,"https://www.rosario.gob.ar/normativa/ver/documento.do?accion=getPdf&id=1985&modo=attachment"
1782,2024,"29/11/2024",4,"https://www.rosario.gob.ar/normativa/ver/documento.do?accion=getPdf&id=1984&modo=attachment"
1781,2024,"28/11/2024",2,"https://www.rosario.gob.ar/normativa/ver/documento.do?accion=getPdf&id=1983&modo=attachment"
1780,2024,"26/11/2024",4,"https://www.rosario.gob.ar/normativa/ver/documento.do?accion=getPdf&id=1982&modo=attachment"
1779,2024,"25/11/2024",3,"https://www.rosario.gob.ar/normativa/ver/documento.do?accion=getPdf&id=1981&modo=attachment"
1778,2024,"22/11/2024",1,"https://www.rosario.gob.ar/normativa/ver/documento.do?accion=getPdf&id=1980&modo=attachment"
1777,2024,"21/11/2024",3,"https://www.rosario.gob.ar/normativa/ver/documento.do?accion=getPdf&id=1979&modo=attachment"
1776,2024,"20/11/2024",5,"https://www.rosario.gob.ar/normativa/ver/documento.do?accion=getPdf&id=1978&modo=attachment"
1775,2024,"15/11/2024",5,"https://www.rosario.gob.ar/normativa/ver/documento.do?accion=getPdf&id=1977&modo=attachment"
1774,2024,"14/11/2024",6,"https://www.rosario.gob.ar/normativa/ver/documento.do?accion=getPdf&id=1976&modo=attachment"
1773,2024,"13/11/2024",7,"https://www.rosario.gob.ar/normativa/ver/documento.do?accion=getPdf&id=1975&modo=attachment"
1772,2024,"12/11/2024",3,"https://www.rosario.gob.ar/normativa/ver/documento.do?accion=getPdf&id=1974&modo=attachment"
1771,2024,"11/11/2024",1,"https://www.rosario.gob.ar/normativa/ver/documento.do?accion=getPdf&id=1973&modo=attachment"
1770,2024,"08/11/2024",2,"https://www.rosario.gob.ar/normativa/ver/documento.do?accion=getPdf&id=1972&modo=attachment"
1769,2024,"07/11/2024",3,"https://www.rosario.gob.ar/normativa/ver/documento.do?accion=getPdf&id=1971&modo=attachment"
1768,2024,"06/11/2024",6,"https://www.rosario.gob.ar/normativa/ver/documento.do?accion=getPdf&id=1970&modo=attachment"
1767,2024,"04/11/2024",5,"https://www.rosario.gob.ar/normativa/ver/documento.do?accion=getPdf&id=1969&modo=attachment"
1766,2024,"01/11/2024",1,"https://www.rosario.gob.ar/normativa/ver/documento.do?accion=getPdf&id=1968&modo=attachment"
1765,2024,"30/10/2024",2,"https://www.rosario.gob.ar/normativa/ver/documento.do?accion=getPdf&id=1967&modo=attachment"
1764,2024,"29/10/2024",2,"https://www.rosario.gob.ar/normativa/ver/documento.do?accion=getPdf&id=1966&modo=attachment"
1763,2024,"28/10/2024",2,"https://www.rosario.gob.ar/normativa/ver/documento.do?accion=getPdf&id=1965&modo=attachment"
1762,2024,"24/10/2024",1,"https://www.rosario.gob.ar/normativa/ver/documento.do?accion=getPdf&id=1964&modo=attachment"
1761,2024,"23/10/2024",1,"https://www.rosario.gob.ar/normativa/ver/documento.do?accion=getPdf&id=1963&modo=attachment"
1760,2024,"22/10/2024",7,"https://www.rosario.gob.ar/normativa/ver/documento.do?accion=getPdf&id=1962&modo=attachment"
1759,2024,"21/10/2024",5,"https://www.rosario.gob.ar/normativa/ver/documento.do?accion=getPdf&id=1961&modo=attachment"
1758,2024,"15/10/2024",3,"https://www.rosario.gob.ar/normativa/ver/documento.do?accion=getPdf&id=1959&modo=attachment"
1757,2024,"10/10/2024",2,"https://www.rosario.gob.ar/normativa/ver/documento.do?accion=getPdf&id=1958&modo=attachment"
1756,2024,"09/10/2024",1,"https://www.rosario.gob.ar/normativa/ver/documento.do?accion=getPdf&id=1957&modo=attachment"
1755,2024,"04/10/2024",1,"https://www.rosario.gob.ar/normativa/ver/documento.do?accion=getPdf&id=1956&modo=attachment"
1754,2024,"03/10/2024",2,"https://www.rosario.gob.ar/normativa/ver/documento.do?accion=getPdf&id=1955&modo=attachment"
1753,2024,"02/10/2024",2,"https://www.rosario.gob.ar/normativa/ver/documento.do?accion=getPdf&id=1954&modo=attachment"
1752,2024,"01/10/2024",5,"https://www.rosario.gob.ar/normativa/ver/documento.do?accion=getPdf&id=1953&modo=attachment"
1751,2024,"30/09/2024",3,"https://www.rosario.gob.ar/normativa/ver/documento.do?accion=getPdf&id=1952&modo=attachment"
1750,2024,"25/09/2024",3,"https://www.rosario.gob.ar/normativa/ver/documento.do?accion=getPdf&id=1951&modo=attachment"
1749,2024,"24/09/2024",4,"https://www.rosario.gob.ar/normativa/ver/documento.do?accion=getPdf&id=1950&modo=attachment"
1748,2024,"20/09/2024",1,"https://www.rosario.gob.ar/normativa/ver/documento.do?accion=getPdf&id=1949&modo=attachment"
1747,2024,"19/09/2024",1,"https://www.rosario.gob.ar/normativa/ver/documento.do?accion=getPdf&id=1948&modo=attachment"
1746,2024,"18/09/2024",2,"https://www.rosario.gob.ar/normativa/ver/documento.do?accion=getPdf&id=1947&modo=attachment"
1745,2024,"17/09/2024",4,"https://www.rosario.gob.ar/normativa/ver/documento.do?accion=getPdf&id=1946&modo=attachment"
1744,2024,"16/09/2024",4,"https://www.rosario.gob.ar/normativa/ver/documento.do?accion=getPdf&id=1945&modo=attachment"
1743,2024,"13/09/2024",1,"https://www.rosario.gob.ar/normativa/ver/documento.do?accion=getPdf&id=1944&modo=attachment"
1742,2024,"12/09/2024",1,"https://www.rosario.gob.ar/normativa/ver/documento.do?accion=getPdf&id=1943&modo=attachment"
1741,2024,"11/09/2024",4,"https://www.rosario.gob.ar/normativa/ver/documento.do?accion=getPdf&id=1942&modo=attachment"
1740,2024,"02/09/2024",4,"https://www.rosario.gob.ar/normativa/ver/documento.do?accion=getPdf&id=1939&modo=attachment"
1739,2024,"30/08/2024",4,"https://www.rosario.gob.ar/normativa/ver/documento.do?accion=getPdf&id=1938&modo=attachment"
1738,2024,"29/08/2024",2,"https://www.rosario.gob.ar/normativa/ver/documento.do?accion=getPdf&id=1937&modo=attachment"
1737,2024,"28/08/2024",3,"https://www.rosario.gob.ar/normativa/ver/documento.do?accion=getPdf&id=1936&modo=attachment"
1736,2024,"27/08/2024",5,"https://www.rosario.gob.ar/normativa/ver/documento.do?accion=getPdf&id=1935&modo=attachment"
1735,2024,"23/08/2024",3,"https://www.rosario.gob.ar/normativa/ver/documento.do?accion=getPdf&id=1933&modo=attachment"
1734,2024,"22/08/2024",2,"https://www.rosario.gob.ar/normativa/ver/documento.do?accion=getPdf&id=1932&modo=attachment"
1733,2024,"21/08/2024",6,"https://www.rosario.gob.ar/normativa/ver/documento.do?accion=getPdf&id=1931&modo=attachment"
1732,2024,"19/08/2024",1,"https://www.rosario.gob.ar/normativa/ver/documento.do?accion=getPdf&id=1930&modo=attachment"
1731,2024,"16/08/2024",6,"https://www.rosario.gob.ar/normativa/ver/documento.do?accion=getPdf&id=1929&modo=attachment"
1730,2024,"14/08/2024",4,"https://www.rosario.gob.ar/normativa/ver/documento.do?accion=getPdf&id=1926&modo=attachment"
1729,2024,"13/08/2024",1,"https://www.rosario.gob.ar/normativa/ver/documento.do?accion=getPdf&id=1925&modo=attachment"
1728,2024,"12/08/2024",2,"https://www.rosario.gob.ar/normativa/ver/documento.do?accion=getPdf&id=1924&modo=attachment"
1727,2024,"08/08/2024",5,"https://www.rosario.gob.ar/normativa/ver/documento.do?accion=getPdf&id=1923&modo=attachment"
1726,2024,"07/08/2024",6,"https://www.rosario.gob.ar/normativa/ver/documento.do?accion=getPdf&id=1922&modo=attachment"
1725,2024,"05/08/2024",6,"https://www.rosario.gob.ar/normativa/ver/documento.do?accion=getPdf&id=1921&modo=attachment"
1724,2024,"02/08/2024",1,"https://www.rosario.gob.ar/normativa/ver/documento.do?accion=getPdf&id=1920&modo=attachment"
1723,2024,"31/07/2024",4,"https://www.rosario.gob.ar/normativa/ver/documento.do?accion=getPdf&id=1919&modo=attachment"
1722,2024,"30/07/2024",2,"https://www.rosario.gob.ar/normativa/ver/documento.do?accion=getPdf&id=1918&modo=attachment"
1721,2024,"26/07/2024",8,"https://www.rosario.gob.ar/normativa/ver/documento.do?accion=getPdf&id=1917&modo=attachment"
1720,2024,"24/07/2024",6,"https://www.rosario.gob.ar/normativa/ver/documento.do?accion=getPdf&id=1915&modo=attachment"
1719,2024,"17/07/2024",3,"https://www.rosario.gob.ar/normativa/ver/documento.do?accion=getPdf&id=1914&modo=attachment"
1718,2024,"16/07/2024",6,"https://www.rosario.gob.ar/normativa/ver/documento.do?accion=getPdf&id=1912&modo=attachment"
1717,2024,"11/07/2024",3,"https://www.rosario.gob.ar/normativa/ver/documento.do?accion=getPdf&id=1911&modo=attachment"
1716,2024,"10/07/2024",1,"https://www.rosario.gob.ar/normativa/ver/documento.do?accion=getPdf&id=1910&modo=attachment"
1715,2024,"05/07/2024",5,"https://www.rosario.gob.ar/normativa/ver/documento.do?accion=getPdf&id=1909&modo=attachment"
1714,2024,"03/07/2024",4,"https://www.rosario.gob.ar/normativa/ver/documento.do?accion=getPdf&id=1908&modo=attachment"
1713,2024,"02/07/2024",1,"https://www.rosario.gob.ar/normativa/ver/documento.do?accion=getPdf&id=1907&modo=attachment"
1712,2024,"01/07/2024",3,"https://www.rosario.gob.ar/normativa/ver/documento.do?accion=getPdf&id=1906&modo=attachment"
1711,2024,"28/06/2024",6,"https://www.rosario.gob.ar/normativa/ver/documento.do?accion=getPdf&id=1905&modo=attachment"
1710,2024,"27/06/2024",4,"https://www.rosario.gob.ar/normativa/ver/documento.do?accion=getPdf&id=1904&modo=attachment"
1709,2024,"25/06/2024",3,"https://www.rosario.gob.ar/normativa/ver/documento.do?accion=getPdf&id=1903&modo=attachment"
1708,2024,"18/06/2024",4,"https://www.rosario.gob.ar/normativa/ver/documento.do?accion=getPdf&id=1902&modo=attachment"
1707,2024,"14/06/2024",2,"https://www.rosario.gob.ar/normativa/ver/documento.do?accion=getPdf&id=1901&modo=attachment"
1706,2024,"13/06/2024",2,"https://www.rosario.gob.ar/normativa/ver/documento.do?accion=getPdf&id=1900&modo=attachment"
1705,2024,"12/06/2024",3,"https://www.rosario.gob.ar/normativa/ver/documento.do?accion=getPdf&id=1899&modo=attachment"
1704,2024,"11/06/2024",3,"https://www.rosario.gob.ar/normativa/ver/documento.do?accion=getPdf&id=1898&modo=attachment"
1703,2024,"10/06/2024",2,"https://www.rosario.gob.ar/normativa/ver/documento.do?accion=getPdf&id=1897&modo=attachment"
1702,2024,"07/06/2024",1,"https://www.rosario.gob.ar/normativa/ver/documento.do?accion=getPdf&id=1896&modo=attachment"
1701,2024,"05/06/2024",1,"https://www.rosario.gob.ar/normativa/ver/documento.do?accion=getPdf&id=1895&modo=attachment"
1700,2024,"04/06/2024",3,"https://www.rosario.gob.ar/normativa/ver/documento.do?accion=getPdf&id=1894&modo=attachment"
1699,2024,"31/05/2024",2,"https://www.rosario.gob.ar/normativa/ver/documento.do?accion=getPdf&id=1893&modo=attachment"
1698,2024,"30/05/2024",1,"https://www.rosario.gob.ar/normativa/ver/documento.do?accion=getPdf&id=1892&modo=attachment"
1697,2024,"29/05/2024",1,"https://www.rosario.gob.ar/normativa/ver/documento.do?accion=getPdf&id=1890&modo=attachment"
1696,2024,"28/05/2024",1,"https://www.rosario.gob.ar/normativa/ver/documento.do?accion=getPdf&id=1889&modo=attachment"
1695,2024,"24/05/2024",1,"https://www.rosario.gob.ar/normativa/ver/documento.do?accion=getPdf&id=1888&modo=attachment"
1694,2024,"23/05/2024",6,"https://www.rosario.gob.ar/normativa/ver/documento.do?accion=getPdf&id=1887&modo=attachment"
1693,2024,"15/05/2024",1,"https://www.rosario.gob.ar/normativa/ver/documento.do?accion=getPdf&id=1886&modo=attachment"
1692,2024,"14/05/2024",3,"https://www.rosario.gob.ar/normativa/ver/documento.do?accion=getPdf&id=1885&modo=attachment"
1691,2024,"13/05/2024",5,"https://www.rosario.gob.ar/normativa/ver/documento.do?accion=getPdf&id=1883&modo=attachment"
1690,2024,"06/05/2024",3,"https://www.rosario.gob.ar/normativa/ver/documento.do?accion=getPdf&id=1882&modo=attachment"
1689,2024,"29/04/2024",3,"https://www.rosario.gob.ar/normativa/ver/documento.do?accion=getPdf&id=1881&modo=attachment"
1688,2024,"26/04/2024",1,"https://www.rosario.gob.ar/normativa/ver/documento.do?accion=getPdf&id=1880&modo=attachment"
1687,2024,"22/04/2024",1,"https://www.rosario.gob.ar/normativa/ver/documento.do?accion=getPdf&id=1879&modo=attachment"
1686,2024,"19/04/2024",1,"https://www.rosario.gob.ar/normativa/ver/documento.do?accion=getPdf&id=1878&modo=attachment"
1685,2024,"17/04/2024",2,"https://www.rosario.gob.ar/normativa/ver/documento.do?accion=getPdf&id=1877&modo=attachment"
1684,2024,"15/04/2024",1,"https://www.rosario.gob.ar/normativa/ver/documento.do?accion=getPdf&id=1876&modo=attachment"
1683,2024,"10/04/2024",2,"https://www.rosario.gob.ar/normativa/ver/documento.do?accion=getPdf&id=1875&modo=attachment"
1682,2024,"09/04/2024",2,"https://www.rosario.gob.ar/normativa/ver/documento.do?accion=getPdf&id=1874&modo=attachment"
1681,2024,"08/04/2024",1,"https://www.rosario.gob.ar/normativa/ver/documento.do?accion=getPdf&id=1873&modo=attachment"
1680,2024,"05/04/2024",1,"https://www.rosario.gob.ar/normativa/ver/documento.do?accion=getPdf&id=1872&modo=attachment"
1679,2024,"04/04/2024",1,"https://www.rosario.gob.ar/normativa/ver/documento.do?accion=getPdf&id=1871&modo=attachment"
1678,2024,"03/04/2024",1,"https://www.rosario.gob.ar/normativa/ver/documento.do?accion=getPdf&id=1870&modo=attachment"
1677,2024,"27/03/2024",2,"https://www.rosario.gob.ar/normativa/ver/documento.do?accion=getPdf&id=1869&modo=attachment"
1676,2024,"26/03/2024",1,"https://www.rosario.gob.ar/normativa/ver/documento.do?accion=getPdf&id=1868&modo=attachment"
1675,2024,"25/03/2024",4,"https://www.rosario.gob.ar/normativa/ver/documento.do?accion=getPdf&id=1867&modo=attachment"
1674,2024,"21/03/2024",1,"https://www.rosario.gob.ar/normativa/ver/documento.do?accion=getPdf&id=1866&modo=attachment"
1673,2024,"19/03/2024",1,"https://www.rosario.gob.ar/normativa/ver/documento.do?accion=getPdf&id=1865&modo=attachment"
1672,2024,"18/03/2024",2,"https://www.rosario.gob.ar/normativa/ver/documento.do?accion=getPdf&id=1864&modo=attachment"
1671,2024,"15/03/2024",2,"https://www.rosario.gob.ar/normativa/ver/documento.do?accion=getPdf&id=1863&modo=attachment"
1670,2024,"14/03/2024",1,"https://www.rosario.gob.ar/normativa/ver/documento.do?accion=getPdf&id=1862&modo=attachment"
1669,2024,"13/03/2024",1,"https://www.rosario.gob.ar/normativa/ver/documento.do?accion=getPdf&id=1861&modo=attachment"
1668,2024,"12/03/2024",1,"https://www.rosario.gob.ar/normativa/ver/documento.do?accion=getPdf&id=1860&modo=attachment"
1667,2024,"07/03/2024",3,"https://www.rosario.gob.ar/normativa/ver/documento.do?accion=getPdf&id=1859&modo=attachment"
1666,2024,"05/03/2024",5,"https://www.rosario.gob.ar/normativa/ver/documento.do?accion=getPdf&id=1857&modo=attachment"
1665,2024,"04/03/2024",4,"https://www.rosario.gob.ar/normativa/ver/documento.do?accion=getPdf&id=1856&modo=attachment"
1664,2024,"29/02/2024",6,"https://www.rosario.gob.ar/normativa/ver/documento.do?accion=getPdf&id=1854&modo=attachment"
1663,2024,"27/02/2024",1,"https://www.rosario.gob.ar/normativa/ver/documento.do?accion=getPdf&id=1852&modo=attachment"
1662,2024,"20/02/2024",2,"https://www.rosario.gob.ar/normativa/ver/documento.do?accion=getPdf&id=1851&modo=attachment"
1661,2024,"16/02/2024",1,"https://www.rosario.gob.ar/normativa/ver/documento.do?accion=getPdf&id=1850&modo=attachment"
1660,2024,"15/02/2024",4,"https://www.rosario.gob.ar/normativa/ver/documento.do?accion=getPdf&id=1849&modo=attachment"
1659,2024,"08/02/2024",1,"https://www.rosario.gob.ar/normativa/ver/documento.do?accion=getPdf&id=1848&modo=attachment"
1658,2024,"06/02/2024",2,"https://www.rosario.gob.ar/normativa/ver/documento.do?accion=getPdf&id=1847&modo=attachment"
1657,2024,"05/02/2024",1,"https://www.rosario.gob.ar/normativa/ver/documento.do?accion=getPdf&id=1846&modo=attachment"
1656,2024,"02/02/2024",1,"https://www.rosario.gob.ar/normativa/ver/documento.do?accion=getPdf&id=1845&modo=attachment"
1655,2024,"01/02/2024",5,"https://www.rosario.gob.ar/normativa/ver/documento.do?accion=getPdf&id=1844&modo=attachment"
1654,2024,"31/01/2024",4,"https://www.rosario.gob.ar/normativa/ver/documento.do?accion=getPdf&id=1843&modo=attachment"
1653,2024,"30/01/2024",1,"https://www.rosario.gob.ar/normativa/ver/documento.do?accion=getPdf&id=1842&modo=attachment"
1652,2024,"29/01/2024",8,"https://www.rosario.gob.ar/normativa/ver/documento.do?accion=getPdf&id=1841&modo=attachment"
1651,2024,"25/01/2024",5,"https://www.rosario.gob.ar/normativa/ver/documento.do?accion=getPdf&id=1835&modo=attachment"
1650,2024,"24/01/2024",1,"https://www.rosario.gob.ar/normativa/ver/documento.do?accion=getPdf&id=1834&modo=attachment"
1649,2024,"22/01/2024",2,"https://www.rosario.gob.ar/normativa/ver/documento.do?accion=getPdf&id=1833&modo=attachment"
1648,2024,"18/01/2024",4,"https://www.rosario.gob.ar/normativa/ver/documento.do?accion=getPdf&id=1832&modo=attachment"
1647,2024,"16/01/2024",1,"https://www.rosario.gob.ar/normativa/ver/documento.do?accion=getPdf&id=1831&modo=attachment"
1646,2024,"15/01/2024",7,"https://www.rosario.gob.ar/normativa/ver/documento.do?accion=getPdf&id=1830&modo=attachment"
1645,2024,"12/01/2024",2,"https://www.rosario.gob.ar/normativa/ver/documento.do?accion=getPdf&id=1829&modo=attachment"
1644,2024,"11/01/2024",4,"https://www.rosario.gob.ar/normativa/ver/documento.do?accion=getPdf&id=1828&modo=attachment"
1643,2024,"10/01/2024",2,"https://www.rosario.gob.ar/normativa/ver/documento.do?accion=getPdf&id=1827&modo=attachment"
1642,2024,"09/01/2024",1,"https://www.rosario.gob.ar/normativa/ver/documento.do?accion=getPdf&id=1826&modo=attachment"
1641,2024,"05/01/2024",4,"https://www.rosario.gob.ar/normativa/ver/documento.do?accion=getPdf&id=1825&modo=attachment"
1640,2024,"03/01/2024",8,"https://www.rosario.gob.ar/normativa/ver/documento.do?accion=getPdf&id=1824&modo=attachment"
1639,2023,"29/12/2023",6,"https://www.rosario.gob.ar/normativa/ver/documento.do?accion=getPdf&id=1823&modo=attachment"
1638,2023,"28/12/2023",1,"https://www.rosario.gob.ar/normativa/ver/documento.do?accion=getPdf&id=1822&modo=attachment"
1637,2023,"27/12/2023",5,"https://www.rosario.gob.ar/normativa/ver/documento.do?accion=getPdf&id=1821&modo=attachment"
1636,2023,"26/12/2023",2,"https://www.rosario.gob.ar/normativa/ver/documento.do?accion=getPdf&id=1820&modo=attachment"
1635,2023,"22/12/2023",1,"https://www.rosario.gob.ar/normativa/ver/documento.do?accion=getPdf&id=1817&modo=attachment"
1634,2023,"21/12/2023",1,"https://www.rosario.gob.ar/normativa/ver/documento.do?accion=getPdf&id=1816&modo=attachment"
1633,2023,"20/12/2023",3,"https://www.rosario.gob.ar/normativa/ver/documento.do?accion=getPdf&id=1815&modo=attachment"
1632,2023,"19/12/2023",5,"https://www.rosario.gob.ar/normativa/ver/documento.do?accion=getPdf&id=1814&modo=attachment"
1631,2023,"15/12/2023",1,"https://www.rosario.gob.ar/normativa/ver/documento.do?accion=getPdf&id=1813&modo=attachment"
1630,2023,"14/12/2023",7,"https://www.rosario.gob.ar/normativa/ver/documento.do?accion=getPdf&id=1812&modo=attachment"
1629,2023,"13/12/2023",3,"https://www.rosario.gob.ar/normativa/ver/documento.do?accion=getPdf&id=1811&modo=attachment"
1628,2023,"12/12/2023",50,"https://www.rosario.gob.ar/normativa/ver/documento.do?accion=getPdf&id=1810&modo=attachment"
1627,2023,"11/12/2023",35,"https://www.rosario.gob.ar/normativa/ver/documento.do?accion=getPdf&id=1809&modo=attachment"
1626,2023,"07/12/2023",1,"https://www.rosario.gob.ar/normativa/ver/documento.do?accion=getPdf&id=1807&modo=attachment"
1625,2023,"06/12/2023",1,"https://www.rosario.gob.ar/normativa/ver/documento.do?accion=getPdf&id=1806&modo=attachment"
1624,2023,"05/12/2023",3,"https://www.rosario.gob.ar/normativa/ver/documento.do?accion=getPdf&id=1805&modo=attachment"
1623,2023,"04/12/2023",4,"https://www.rosario.gob.ar/normativa/ver/documento.do?accion=getPdf&id=1804&modo=attachment"
1622,2023,"30/11/2023",3,"https://www.rosario.gob.ar/normativa/ver/documento.do?accion=getPdf&id=1803&modo=attachment"
1621,2023,"29/11/2023",1,"https://www.rosario.gob.ar/normativa/ver/documento.do?accion=getPdf&id=1802&modo=attachment"
1620,2023,"28/11/2023",2,"https://www.rosario.gob.ar/normativa/ver/documento.do?accion=getPdf&id=1801&modo=attachment"
1619,2023,"27/11/2023",5,"https://www.rosario.gob.ar/normativa/ver/documento.do?accion=getPdf&id=1800&modo=attachment"
1618,2023,"24/11/2023",2,"https://www.rosario.gob.ar/normativa/ver/documento.do?accion=getPdf&id=1799&modo=attachment"
1617,2023,"23/11/2023",1,"https://www.rosario.gob.ar/normativa/ver/documento.do?accion=getPdf&id=1798&modo=attachment"
1616,2023,"22/11/2023",3,"https://www.rosario.gob.ar/normativa/ver/documento.do?accion=getPdf&id=1797&modo=attachment"
1615,2023,"17/11/2023",5,"https://www.rosario.gob.ar/normativa/ver/documento.do?accion=getPdf&id=1796&modo=attachment"
1614,2023,"16/11/2023",1,"https://www.rosario.gob.ar/normativa/ver/documento.do?accion=getPdf&id=1795&modo=attachment"
1613,2023,"14/11/2023",2,"https://www.rosario.gob.ar/normativa/ver/documento.do?accion=getPdf&id=1794&modo=attachment"
1612,2023,"13/11/2023",6,"https://www.rosario.gob.ar/normativa/ver/documento.do?accion=getPdf&id=1793&modo=attachment"
1611,2023,"08/11/2023",6,"https://www.rosario.gob.ar/normativa/ver/documento.do?accion=getPdf&id=1792&modo=attachment"
1610,2023,"03/11/2023",3,"https://www.rosario.gob.ar/normativa/ver/documento.do?accion=getPdf&id=1790&modo=attachment"
1609,2023,"02/11/2023",2,"https://www.rosario.gob.ar/normativa/ver/documento.do?accion=getPdf&id=1789&modo=attachment"
1608,2023,"01/11/2023",3,"https://www.rosario.gob.ar/normativa/ver/documento.do?accion=getPdf&id=1788&modo=attachment"
1607,2023,"27/10/2023",1,"https://www.rosario.gob.ar/normativa/ver/documento.do?accion=getPdf&id=1787&modo=attachment"
1606,2023,"26/10/2023",2,"https://www.rosario.gob.ar/normativa/ver/documento.do?accion=getPdf&id=1786&modo=attachment"
1605,2023,"25/10/2023",1,"https://www.rosario.gob.ar/normativa/ver/documento.do?accion=getPdf&id=1785&modo=attachment"
1604,2023,"24/10/2023",2,"https://www.rosario.gob.ar/normativa/ver/documento.do?accion=getPdf&id=1784&modo=attachment"
1603,2023,"23/10/2023",3,"https://www.rosario.gob.ar/normativa/ver/documento.do?accion=getPdf&id=1783&modo=attachment"
1602,2023,"20/10/2023",3,"https://www.rosario.gob.ar/normativa/ver/documento.do?accion=getPdf&id=1782&modo=attachment"
1601,2023,"19/10/2023",2,"https://www.rosario.gob.ar/normativa/ver/documento.do?accion=getPdf&id=1781&modo=attachment"
1600,2023,"18/10/2023",2,"https://www.rosario.gob.ar/normativa/ver/documento.do?accion=getPdf&id=1780&modo=attachment"
1599,2023,"17/10/2023",1,"https://www.rosario.gob.ar/normativa/ver/documento.do?accion=getPdf&id=1779&modo=attachment"
1598,2023,"11/10/2023",3,"https://www.rosario.gob.ar/normativa/ver/documento.do?accion=getPdf&id=1778&modo=attachment"
1597,2023,"10/10/2023",1,"https://www.rosario.gob.ar/normativa/ver/documento.do?accion=getPdf&id=1777&modo=attachment"
1596,2023,"09/10/2023",2,"https://www.rosario.gob.ar/normativa/ver/documento.do?accion=getPdf&id=1776&modo=attachment"
1595,2023,"06/10/2023",3,"https://www.rosario.gob.ar/normativa/ver/documento.do?accion=getPdf&id=1774&modo=attachment"
1594,2023,"05/10/2023",3,"https://www.rosario.gob.ar/normativa/ver/documento.do?accion=getPdf&id=1773&modo=attachment"
1593,2023,"04/10/2023",1,"https://www.rosario.gob.ar/normativa/ver/documento.do?accion=getPdf&id=1772&modo=attachment"
1592,2023,"03/10/2023",1,"https://www.rosario.gob.ar/normativa/ver/documento.do?accion=getPdf&id=1771&modo=attachment"
1591,2023,"02/10/2023",1,"https://www.rosario.gob.ar/normativa/ver/documento.do?accion=getPdf&id=1770&modo=attachment"
1590,2023,"28/09/2023",4,"https://www.rosario.gob.ar/normativa/ver/documento.do?accion=getPdf&id=1769&modo=attachment"
1589,2023,"27/09/2023",3,"https://www.rosario.gob.ar/normativa/ver/documento.do?accion=getPdf&id=1768&modo=attachment"
1588,2023,"25/09/2023",1,"https://www.rosario.gob.ar/normativa/ver/documento.do?accion=getPdf&id=1766&modo=attachment"
1587,2023,"22/09/2023",3,"https://www.rosario.gob.ar/normativa/ver/documento.do?accion=getPdf&id=1765&modo=attachment"
1586,2023,"21/09/2023",5,"https://www.rosario.gob.ar/normativa/ver/documento.do?accion=getPdf&id=1764&modo=attachment"
1585,2023,"20/09/2023",2,"https://www.rosario.gob.ar/normativa/ver/documento.do?accion=getPdf&id=1763&modo=attachment"
1584,2023,"15/09/2023",1,"https://www.rosario.gob.ar/normativa/ver/documento.do?accion=getPdf&id=1762&modo=attachment"
1583,2023,"14/09/2023",2,"https://www.rosario.gob.ar/normativa/ver/documento.do?accion=getPdf&id=1761&modo=attachment"
1582,2023,"13/09/2023",1,"https://www.rosario.gob.ar/normativa/ver/documento.do?accion=getPdf&id=1760&modo=attachment"
1581,2023,"11/09/2023",1,"https://www.rosario.gob.ar/normativa/ver/documento.do?accion=getPdf&id=1759&modo=attachment"
1580,2023,"07/09/2023",7,"https://www.rosario.gob.ar/normativa/ver/documento.do?accion=getPdf&id=1758&modo=attachment"
1579,2023,"06/09/2023",4,"https://www.rosario.gob.ar/normativa/ver/documento.do?accion=getPdf&id=1757&modo=attachment"
1578,2023,"01/09/2023",1,"https://www.rosario.gob.ar/normativa/ver/documento.do?accion=getPdf&id=1755&modo=attachment"
1577,2023,"31/08/2023",2,"https://www.rosario.gob.ar/normativa/ver/documento.do?accion=getPdf&id=1754&modo=attachment"
1576,2023,"30/08/2023",1,"https://www.rosario.gob.ar/normativa/ver/documento.do?accion=getPdf&id=1753&modo=attachment"
1575,2023,"29/08/2023",2,"https://www.rosario.gob.ar/normativa/ver/documento.do?accion=getPdf&id=1752&modo=attachment"
1574,2023,"28/08/2023",2,"https://www.rosario.gob.ar/normativa/ver/documento.do?accion=getPdf&id=1751&modo=attachment"
1573,2023,"25/08/2023",4,"https://www.rosario.gob.ar/normativa/ver/documento.do?accion=getPdf&id=1750&modo=attachment"
1572,2023,"23/08/2023",5,"https://www.rosario.gob.ar/normativa/ver/documento.do?accion=getPdf&id=1748&modo=attachment"
1571,2023,"18/08/2023",1,"https://www.rosario.gob.ar/normativa/ver/documento.do?accion=getPdf&id=1745&modo=attachment"
1570,2023,"17/08/2023",1,"https://www.rosario.gob.ar/normativa/ver/documento.do?accion=getPdf&id=1744&modo=attachment"
1569,2023,"11/08/2023",1,"https://www.rosario.gob.ar/normativa/ver/documento.do?accion=getPdf&id=1743&modo=attachment"
1568,2023,"10/08/2023",3,"https://www.rosario.gob.ar/normativa/ver/documento.do?accion=getPdf&id=1742&modo=attachment"
1567,2023,"09/08/2023",3,"https://www.rosario.gob.ar/normativa/ver/documento.do?accion=getPdf&id=1741&modo=attachment"
1566,2023,"08/08/2023",1,"https://www.rosario.gob.ar/normativa/ver/documento.do?accion=getPdf&id=1740&modo=attachment"
1565,2023,"07/08/2023",2,"https://www.rosario.gob.ar/normativa/ver/documento.do?accion=getPdf&id=1739&modo=attachment"
1564,2023,"04/08/2023",4,"https://www.rosario.gob.ar/normativa/ver/documento.do?accion=getPdf&id=1738&modo=attachment"
1563,2023,"03/08/2023",2,"https://www.rosario.gob.ar/normativa/ver/documento.do?accion=getPdf&id=1737&modo=attachment"
1562,2023,"02/08/2023",1,"https://www.rosario.gob.ar/normativa/ver/documento.do?accion=getPdf&id=1736&modo=attachment"
1561,2023,"01/08/2023",2,"https://www.rosario.gob.ar/normativa/ver/documento.do?accion=getPdf&id=1735&modo=attachment"
1560,2023,"31/07/2023",3,"https://www.rosario.gob.ar/normativa/ver/documento.do?accion=getPdf&id=1734&modo=attachment"
1559,2023,"26/07/2023",5,"https://www.rosario.gob.ar/normativa/ver/documento.do?accion=getPdf&id=1733&modo=attachment"
1558,2023,"25/07/2023",3,"https://www.rosario.gob.ar/normativa/ver/documento.do?accion=getPdf&id=1732&modo=attachment"
1557,2023,"21/07/2023",3,"https://www.rosario.gob.ar/normativa/ver/documento.do?accion=getPdf&id=1730&modo=attachment"
1556,2023,"19/07/2023",2,"https://www.rosario.gob.ar/normativa/ver/documento.do?accion=getPdf&id=1729&modo=attachment"
1555,2023,"18/07/2023",3,"https://www.rosario.gob.ar/normativa/ver/documento.do?accion=getPdf&id=1728&modo=attachment"
1554,2023,"17/07/2023",5,"https://www.rosario.gob.ar/normativa/ver/documento.do?accion=getPdf&id=1727&modo=attachment"
1553,2023,"14/07/2023",2,"https://www.rosario.gob.ar/normativa/ver/documento.do?accion=getPdf&id=1726&modo=attachment"
1552,2023,"13/07/2023",2,"https://www.rosario.gob.ar/normativa/ver/documento.do?accion=getPdf&id=1724&modo=attachment"
1551,2023,"11/07/2023",4,"https://www.rosario.gob.ar/normativa/ver/documento.do?accion=getPdf&id=1723&modo=attachment"
1550,2023,"10/07/2023",2,"https://www.rosario.gob.ar/normativa/ver/documento.do?accion=getPdf&id=1722&modo=attachment"
1549,2023,"07/07/2023",3,"https://www.rosario.gob.ar/normativa/ver/documento.do?accion=getPdf&id=1721&modo=attachment"
1548,2023,"06/07/2023",2,"https://www.rosario.gob.ar/normativa/ver/documento.do?accion=getPdf&id=1720&modo=attachment"
1547,2023,"05/07/2023",1,"https://www.rosario.gob.ar/normativa/ver/documento.do?accion=getPdf&id=1719&modo=attachment"
1546,2023,"04/07/2023",1,"https://www.rosario.gob.ar/normativa/ver/documento.do?accion=getPdf&id=1718&modo=attachment"
1545,2023,"03/07/2023",4,"https://www.rosario.gob.ar/normativa/ver/documento.do?accion=getPdf&id=1717&modo=attachment"
1544,2023,"30/06/2023",4,"https://www.rosario.gob.ar/normativa/ver/documento.do?accion=getPdf&id=1716&modo=attachment"
1543,2023,"29/06/2023",6,"https://www.rosario.gob.ar/normativa/ver/documento.do?accion=getPdf&id=1715&modo=attachment"
1542,2023,"28/06/2023",1,"https://www.rosario.gob.ar/normativa/ver/documento.do?accion=getPdf&id=1714&modo=attachment"
1541,2023,"27/06/2023",1,"https://www.rosario.gob.ar/normativa/ver/documento.do?accion=getPdf&id=1713&modo=attachment"
1540,2023,"26/06/2023",10,"https://www.rosario.gob.ar/normativa/ver/documento.do?accion=getPdf&id=1712&modo=attachment"
1539,2023,"23/06/2023",2,"https://www.rosario.gob.ar/normativa/ver/documento.do?accion=getPdf&id=1711&modo=attachment"
1538,2023,"21/06/2023",2,"https://www.rosario.gob.ar/normativa/ver/documento.do?accion=getPdf&id=1710&modo=attachment"
1537,2023,"16/06/2023",3,"https://www.rosario.gob.ar/normativa/ver/documento.do?accion=getPdf&id=1709&modo=attachment"
1536,2023,"14/06/2023",4,"https://www.rosario.gob.ar/normativa/ver/documento.do?accion=getPdf&id=1707&modo=attachment"
1535,2023,"12/06/2023",3,"https://www.rosario.gob.ar/normativa/ver/documento.do?accion=getPdf&id=1706&modo=attachment"
1534,2023,"09/06/2023",3,"https://www.rosario.gob.ar/normativa/ver/documento.do?accion=getPdf&id=1705&modo=attachment"
1533,2023,"06/06/2023",3,"https://www.rosario.gob.ar/normativa/ver/documento.do?accion=getPdf&id=1703&modo=attachment"
1532,2023,"01/06/2023",1,"https://www.rosario.gob.ar/normativa/ver/documento.do?accion=getPdf&id=1702&modo=attachment"
1531,2023,"31/05/2023",4,"https://www.rosario.gob.ar/normativa/ver/documento.do?accion=getPdf&id=1701&modo=attachment"
1530,2023,"30/05/2023",7,"https://www.rosario.gob.ar/normativa/ver/documento.do?accion=getPdf&id=1700&modo=attachment"
1529,2023,"29/05/2023",4,"https://www.rosario.gob.ar/normativa/ver/documento.do?accion=getPdf&id=1699&modo=attachment"
1528,2023,"24/05/2023",3,"https://www.rosario.gob.ar/normativa/ver/documento.do?accion=getPdf&id=1698&modo=attachment"
1527,2023,"23/05/2023",2,"https://www.rosario.gob.ar/normativa/ver/documento.do?accion=getPdf&id=1697&modo=attachment"
1526,2023,"19/05/2023",5,"https://www.rosario.gob.ar/normativa/ver/documento.do?accion=getPdf&id=1696&modo=attachment"
1525,2023,"18/05/2023",1,"https://www.rosario.gob.ar/normativa/ver/documento.do?accion=getPdf&id=1695&modo=attachment"
1524,2023,"16/05/2023",5,"https://www.rosario.gob.ar/normativa/ver/documento.do?accion=getPdf&id=1694&modo=attachment"
1523,2023,"15/05/2023",1,"https://www.rosario.gob.ar/normativa/ver/documento.do?accion=getPdf&id=1693&modo=attachment"
1522,2023,"12/05/2023",2,"https://www.rosario.gob.ar/normativa/ver/documento.do?accion=getPdf&id=1692&modo=attachment"
1521,2023,"11/05/2023",6,"https://www.rosario.gob.ar/normativa/ver/documento.do?accion=getPdf&id=1691&modo=attachment"
1520,2023,"08/05/2023",1,"https://www.rosario.gob.ar/normativa/ver/documento.do?accion=getPdf&id=1690&modo=attachment"
1519,2023,"04/05/2023",2,"https://www.rosario.gob.ar/normativa/ver/documento.do?accion=getPdf&id=1689&modo=attachment"
1518,2023,"03/05/2023",3,"https://www.rosario.gob.ar/normativa/ver/documento.do?accion=getPdf&id=1688&modo=attachment"
1517,2023,"02/05/2023",2,"https://www.rosario.gob.ar/normativa/ver/documento.do?accion=getPdf&id=1687&modo=attachment"
1516,2023,"28/04/2023",2,"https://www.rosario.gob.ar/normativa/ver/documento.do?accion=getPdf&id=1686&modo=attachment"
1515,2023,"27/04/2023",2,"https://www.rosario.gob.ar/normativa/ver/documento.do?accion=getPdf&id=1685&modo=attachment"
1514,2023,"26/04/2023",4,"https://www.rosario.gob.ar/normativa/ver/documento.do?accion=getPdf&id=1684&modo=attachment"
1513,2023,"25/04/2023",3,"https://www.rosario.gob.ar/normativa/ver/documento.do?accion=getPdf&id=1683&modo=attachment"
1512,2023,"24/04/2023",2,"https://www.rosario.gob.ar/normativa/ver/documento.do?accion=getPdf&id=1682&modo=attachment"
1511,2023,"21/04/2023",2,"https://www.rosario.gob.ar/normativa/ver/documento.do?accion=getPdf&id=1681&modo=attachment"
1510,2023,"20/04/2023",1,"https://www.rosario.gob.ar/normativa/ver/documento.do?accion=getPdf&id=1680&modo=attachment"
1509,2023,"19/04/2023",1,"https://www.rosario.gob.ar/normativa/ver/documento.do?accion=getPdf&id=1679&modo=attachment"
1508,2023,"18/04/2023",10,"https://www.rosario.gob.ar/normativa/ver/documento.do?accion=getPdf&id=1678&modo=attachment"
1507,2023,"14/04/2023",2,"https://www.rosario.gob.ar/normativa/ver/documento.do?accion=getPdf&id=1676&modo=attachment"
1506,2023,"13/04/2023",1,"https://www.rosario.gob.ar/normativa/ver/documento.do?accion=getPdf&id=1675&modo=attachment"
1505,2023,"12/04/2023",4,"https://www.rosario.gob.ar/normativa/ver/documento.do?accion=getPdf&id=1674&modo=attachment"
1504,2023,"11/04/2023",7,"https://www.rosario.gob.ar/normativa/ver/documento.do?accion=getPdf&id=1673&modo=attachment"
1503,2023,"10/04/2023",3,"https://www.rosario.gob.ar/normativa/ver/documento.do?accion=getPdf&id=1672&modo=attachment"
1502,2023,"04/04/2023",8,"https://www.rosario.gob.ar/normativa/ver/documento.do?accion=getPdf&id=1671&modo=attachment"
1501,2023,"30/03/2023",5,"https://www.rosario.gob.ar/normativa/ver/documento.do?accion=getPdf&id=1669&modo=attachment"
1500,2023,"28/03/2023",1,"https://www.rosario.gob.ar/normativa/ver/documento.do?accion=getPdf&id=1668&modo=attachment"
1499,2023,"27/03/2023",5,"https://www.rosario.gob.ar/normativa/ver/documento.do?accion=getPdf&id=1667&modo=attachment"
1498,2023,"22/03/2023",8,"https://www.rosario.gob.ar/normativa/ver/documento.do?accion=getPdf&id=1665&modo=attachment"
1497,2023,"21/03/2023",7,"https://www.rosario.gob.ar/normativa/ver/documento.do?accion=getPdf&id=1664&modo=attachment"
1496,2023,"20/03/2023",2,"https://www.rosario.gob.ar/normativa/ver/documento.do?accion=getPdf&id=1663&modo=attachment"
1495,2023,"17/03/2023",1,"https://www.rosario.gob.ar/normativa/ver/documento.do?accion=getPdf&id=1662&modo=attachment"
1494,2023,"16/03/2023",4,"https://www.rosario.gob.ar/normativa/ver/documento.do?accion=getPdf&id=1661&modo=attachment"
1493,2023,"14/03/2023",3,"https://www.rosario.gob.ar/normativa/ver/documento.do?accion=getPdf&id=1660&modo=attachment"
1492,2023,"13/03/2023",1,"https://www.rosario.gob.ar/normativa/ver/documento.do?accion=getPdf&id=1659&modo=attachment"
1491,2023,"09/03/2023",2,"https://www.rosario.gob.ar/normativa/ver/documento.do?accion=getPdf&id=1657&modo=attachment"
1490,2023,"08/03/2023",3,"https://www.rosario.gob.ar/normativa/ver/documento.do?accion=getPdf&id=1656&modo=attachment"
1489,2023,"07/03/2023",4,"https://www.rosario.gob.ar/normativa/ver/documento.do?accion=getPdf&id=1655&modo=attachment"
1488,2023,"06/03/2023",2,"https://www.rosario.gob.ar/normativa/ver/documento.do?accion=getPdf&id=1654&modo=attachment"
1487,2023,"02/03/2023",2,"https://www.rosario.gob.ar/normativa/ver/documento.do?accion=getPdf&id=1652&modo=attachment"
1486,2023,"01/03/2023",2,"https://www.rosario.gob.ar/normativa/ver/documento.do?accion=getPdf&id=1651&modo=attachment"
1485,2023,"28/02/2023",2,"https://www.rosario.gob.ar/normativa/ver/documento.do?accion=getPdf&id=1650&modo=attachment"
1484,2023,"27/02/2023",7,"https://www.rosario.gob.ar/normativa/ver/documento.do?accion=getPdf&id=1649&modo=attachment"
1483,2023,"16/02/2023",2,"https://www.rosario.gob.ar/normativa/ver/documento.do?accion=getPdf&id=1647&modo=attachment"
1482,2023,"14/02/2023",5,"https://www.rosario.gob.ar/normativa/ver/documento.do?accion=getPdf&id=1646&modo=attachment"
1481,2023,"13/02/2023",5,"https://www.rosario.gob.ar/normativa/ver/documento.do?accion=getPdf&id=1645&modo=attachment"
1480,2023,"08/02/2023",2,"https://www.rosario.gob.ar/normativa/ver/documento.do?accion=getPdf&id=1644&modo=attachment"
1479,2023,"07/02/2023",1,"https://www.rosario.gob.ar/normativa/ver/documento.do?accion=getPdf&id=1643&modo=attachment"
1478,2023,"06/02/2023",6,"https://www.rosario.gob.ar/normativa/ver/documento.do?accion=getPdf&id=1642&modo=attachment"
1477,2023,"02/02/2023",3,"https://www.rosario.gob.ar/normativa/ver/documento.do?accion=getPdf&id=1641&modo=attachment"
1476,2023,"01/02/2023",2,"https://www.rosario.gob.ar/normativa/ver/documento.do?accion=getPdf&id=1640&modo=attachment"
1475,2023,"31/01/2023",2,"https://www.rosario.gob.ar/normativa/ver/documento.do?accion=getPdf&id=1639&modo=attachment"
1474,2023,"30/01/2023",6,"https://www.rosario.gob.ar/normativa/ver/documento.do?accion=getPdf&id=1638&modo=attachment"
1473,2023,"25/01/2023",4,"https://www.rosario.gob.ar/normativa/ver/documento.do?accion=getPdf&id=1637&modo=attachment"
1472,2023,"24/01/2023",5,"https://www.rosario.gob.ar/normativa/ver/documento.do?accion=getPdf&id=1636&modo=attachment"
1471,2023,"20/01/2023",6,"https://www.rosario.gob.ar/normativa/ver/documento.do?accion=getPdf&id=1635&modo=attachment"
1470,2023,"16/01/2023",1,"https://www.rosario.gob.ar/normativa/ver/documento.do?accion=getPdf&id=1634&modo=attachment"
1469,2023,"11/01/2023",6,"https://www.rosario.gob.ar/normativa/ver/documento.do?accion=getPdf&id=1633&modo=attachment"
1468,2023,"06/01/2023",5,"https://www.rosario.gob.ar/normativa/ver/documento.do?accion=getPdf&id=1632&modo=attachment"
1467,2023,"05/01/2023",8,"https://www.rosario.gob.ar/normativa/ver/documento.do?accion=getPdf&id=1631&modo=attachment"
1466,2023,"03/01/2023",4,"https://www.rosario.gob.ar/normativa/ver/documento.do?accion=getPdf&id=1630&modo=attachment"
1465,2023,"02/01/2023",6,"https://www.rosario.gob.ar/normativa/ver/documento.do?accion=getPdf&id=1629&modo=attachment"
1464,2022,"29/12/2022",3,"https://www.rosario.gob.ar/normativa/ver/documento.do?accion=getPdf&id=1628&modo=attachment"
1463,2022,"28/12/2022",11,"https://www.rosario.gob.ar/normativa/ver/documento.do?accion=getPdf&id=1627&modo=attachment"
1462,2022,"26/12/2022",8,"https://www.rosario.gob.ar/normativa/ver/documento.do?accion=getPdf&id=1626&modo=attachment"
1461,2022,"22/12/2022",11,"https://www.rosario.gob.ar/normativa/ver/documento.do?accion=getPdf&id=1625&modo=attachment"
1460,2022,"20/12/2022",7,"https://www.rosario.gob.ar/normativa/ver/documento.do?accion=getPdf&id=1624&modo=attachment"
1459,2022,"19/12/2022",2,"https://www.rosario.gob.ar/normativa/ver/documento.do?accion=getPdf&id=1623&modo=attachment"
1458,2022,"16/12/2022",3,"https://www.rosario.gob.ar/normativa/ver/documento.do?accion=getPdf&id=1622&modo=attachment"
1457,2022,"15/12/2022",6,"https://www.rosario.gob.ar/normativa/ver/documento.do?accion=getPdf&id=1621&modo=attachment"
1456,2022,"13/12/2022",6,"https://www.rosario.gob.ar/normativa/ver/documento.do?accion=getPdf&id=1620&modo=attachment"
1455,2022,"12/12/2022",2,"https://www.rosario.gob.ar/normativa/ver/documento.do?accion=getPdf&id=1619&modo=attachment"
1454,2022,"07/12/2022",2,"https://www.rosario.gob.ar/normativa/ver/documento.do?accion=getPdf&id=1618&modo=attachment"
1453,2022,"05/12/2022",6,"https://www.rosario.gob.ar/normativa/ver/documento.do?accion=getPdf&id=1617&modo=attachment"
1452,2022,"01/12/2022",2,"https://www.rosario.gob.ar/normativa/ver/documento.do?accion=getPdf&id=1615&modo=attachment"
1451,2022,"29/11/2022",5,"https://www.rosario.gob.ar/normativa/ver/documento.do?accion=getPdf&id=1610&modo=attachment"
1450,2022,"25/11/2022",8,"https://www.rosario.gob.ar/normativa/ver/documento.do?accion=getPdf&id=1609&modo=attachment"
1449,2022,"23/11/2022",5,"https://www.rosario.gob.ar/normativa/ver/documento.do?accion=getPdf&id=1608&modo=attachment"
1448,2022,"11/11/2022",3,"https://www.rosario.gob.ar/normativa/ver/documento.do?accion=getPdf&id=1607&modo=attachment"
1447,2022,"09/11/2022",4,"https://www.rosario.gob.ar/normativa/ver/documento.do?accion=getPdf&id=1606&modo=attachment"
1446,2022,"07/11/2022",4,"https://www.rosario.gob.ar/normativa/ver/documento.do?accion=getPdf&id=1605&modo=attachment"
1445,2022,"03/11/2022",7,"https://www.rosario.gob.ar/normativa/ver/documento.do?accion=getPdf&id=1604&modo=attachment"
1444,2022,"31/10/2022",3,"https://www.rosario.gob.ar/normativa/ver/documento.do?accion=getPdf&id=1603&modo=attachment"
1443,2022,"28/10/2022",7,"https://www.rosario.gob.ar/normativa/ver/documento.do?accion=getPdf&id=1602&modo=attachment"
1442,2022,"25/10/2022",3,"https://www.rosario.gob.ar/normativa/ver/documento.do?accion=getPdf&id=1599&modo=attachment"
1441,2022,"24/10/2022",2,"https://www.rosario.gob.ar/normativa/ver/documento.do?accion=getPdf&id=1598&modo=attachment"
1440,2022,"19/10/2022",5,"https://www.rosario.gob.ar/normativa/ver/documento.do?accion=getPdf&id=1596&modo=attachment"
1439,2022,"17/10/2022",5,"https://www.rosario.gob.ar/normativa/ver/documento.do?accion=getPdf&id=1593&modo=attachment"
1438,2022,"14/10/2022",3,"https://www.rosario.gob.ar/normativa/ver/documento.do?accion=getPdf&id=1592&modo=attachment"
1437,2022,"11/10/2022",5,"https://www.rosario.gob.ar/normativa/ver/documento.do?accion=getPdf&id=1591&modo=attachment"
1436,2022,"06/10/2022",1,"https://www.rosario.gob.ar/normativa/ver/documento.do?accion=getPdf&id=1590&modo=attachment"
1435,2022,"04/10/2022",2,"https://www.rosario.gob.ar/normativa/ver/documento.do?accion=getPdf&id=1589&modo=attachment"
1434,2022,"30/09/2022",5,"https://www.rosario.gob.ar/normativa/ver/documento.do?accion=getPdf&id=1588&modo=attachment"
1433,2022,"29/09/2022",8,"https://www.rosario.gob.ar/normativa/ver/documento.do?accion=getPdf&id=1587&modo=attachment"
1432,2022,"27/09/2022",2,"https://www.rosario.gob.ar/normativa/ver/documento.do?accion=getPdf&id=1585&modo=attachment"
1431,2022,"26/09/2022",4,"https://www.rosario.gob.ar/normativa/ver/documento.do?accion=getPdf&id=1584&modo=attachment"
1430,2022,"23/09/2022",2,"https://www.rosario.gob.ar/normativa/ver/documento.do?accion=getPdf&id=1583&modo=attachment"
1429,2022,"22/09/2022",3,"https://www.rosario.gob.ar/normativa/ver/documento.do?accion=getPdf&id=1582&modo=attachment"
1428,2022,"20/09/2022",2,"https://www.rosario.gob.ar/normativa/ver/documento.do?accion=getPdf&id=1581&modo=attachment"
1427,2022,"19/09/2022",5,"https://www.rosario.gob.ar/normativa/ver/documento.do?accion=getPdf&id=1579&modo=attachment"
1426,2022,"15/09/2022",3,"https://www.rosario.gob.ar/normativa/ver/documento.do?accion=getPdf&id=1577&modo=attachment"
1425,2022,"14/09/2022",3,"https://www.rosario.gob.ar/normativa/ver/documento.do?accion=getPdf&id=1576&modo=attachment"
1424,2022,"13/09/2022",5,"https://www.rosario.gob.ar/normativa/ver/documento.do?accion=getPdf&id=1575&modo=attachment"
1423,2022,"12/09/2022",2,"https://www.rosario.gob.ar/normativa/ver/documento.do?accion=getPdf&id=1574&modo=attachment"
1422,2022,"08/09/2022",7,"https://www.rosario.gob.ar/normativa/ver/documento.do?accion=getPdf&id=1573&modo=attachment"
1421,2022,"07/09/2022",2,"https://www.rosario.gob.ar/normativa/ver/documento.do?accion=getPdf&id=1572&modo=attachment"
1420,2022,"05/09/2022",4,"https://www.rosario.gob.ar/normativa/ver/documento.do?accion=getPdf&id=1571&modo=attachment"
1419,2022,"01/09/2022",3,"https://www.rosario.gob.ar/normativa/ver/documento.do?accion=getPdf&id=1570&modo=attachment"
1418,2022,"31/08/2022",1,"https://www.rosario.gob.ar/normativa/ver/documento.do?accion=getPdf&id=1568&modo=attachment"
1417,2022,"30/08/2022",2,"https://www.rosario.gob.ar/normativa/ver/documento.do?accion=getPdf&id=1566&modo=attachment"
1416,2022,"29/08/2022",8,"https://www.rosario.gob.ar/normativa/ver/documento.do?accion=getPdf&id=1565&modo=attachment"
1415,2022,"26/08/2022",5,"https://www.rosario.gob.ar/normativa/ver/documento.do?accion=getPdf&id=1564&modo=attachment"
1414,2022,"24/08/2022",5,"https://www.rosario.gob.ar/normativa/ver/documento.do?accion=getPdf&id=1563&modo=attachment"
1413,2022,"22/08/2022",7,"https://www.rosario.gob.ar/normativa/ver/documento.do?accion=getPdf&id=1561&modo=attachment"
1412,2022,"19/08/2022",7,"https://www.rosario.gob.ar/normativa/ver/documento.do?accion=getPdf&id=1560&modo=attachment"
1411,2022,"16/08/2022",4,"https://www.rosario.gob.ar/normativa/ver/documento.do?accion=getPdf&id=1559&modo=attachment"
1410,2022,"11/08/2022",2,"https://www.rosario.gob.ar/normativa/ver/documento.do?accion=getPdf&id=1558&modo=attachment"
1409,2022,"10/08/2022",3,"https://www.rosario.gob.ar/normativa/ver/documento.do?accion=getPdf&id=1557&modo=attachment"
1408,2022,"05/08/2022",3,"https://www.rosario.gob.ar/normativa/ver/documento.do?accion=getPdf&id=1556&modo=attachment"
1407,2022,"04/08/2022",1,"https://www.rosario.gob.ar/normativa/ver/documento.do?accion=getPdf&id=1555&modo=attachment"
1406,2022,"03/08/2022",2,"https://www.rosario.gob.ar/normativa/ver/documento.do?accion=getPdf&id=1554&modo=attachment"
1405,2022,"02/08/2022",4,"https://www.rosario.gob.ar/normativa/ver/documento.do?accion=getPdf&id=1553&modo=attachment"
1404,2022,"01/08/2022",4,"https://www.rosario.gob.ar/normativa/ver/documento.do?accion=getPdf&id=1552&modo=attachment"
1403,2022,"29/07/2022",4,"https://www.rosario.gob.ar/normativa/ver/documento.do?accion=getPdf&id=1551&modo=attachment"
1402,2022,"21/07/2022",4,"https://www.rosario.gob.ar/normativa/ver/documento.do?accion=getPdf&id=1550&modo=attachment"
1401,2022,"20/07/2022",4,"https://www.rosario.gob.ar/normativa/ver/documento.do?accion=getPdf&id=1549&modo=attachment"
1400,2022,"19/07/2022",1,"https://www.rosario.gob.ar/normativa/ver/documento.do?accion=getPdf&id=1548&modo=attachment"
1399,2022,"18/07/2022",3,"https://www.rosario.gob.ar/normativa/ver/documento.do?accion=getPdf&id=1546&modo=attachment"
1398,2022,"14/07/2022",8,"https://www.rosario.gob.ar/normativa/ver/documento.do?accion=getPdf&id=1545&modo=attachment"
1397,2022,"12/07/2022",3,"https://www.rosario.gob.ar/normativa/ver/documento.do?accion=getPdf&id=1544&modo=attachment"
1396,2022,"11/07/2022",4,"https://www.rosario.gob.ar/normativa/ver/documento.do?accion=getPdf&id=1543&modo=attachment"
1395,2022,"08/07/2022",5,"https://www.rosario.gob.ar/normativa/ver/documento.do?accion=getPdf&id=1542&modo=attachment"
1394,2022,"06/07/2022",9,"https://www.rosario.gob.ar/normativa/ver/documento.do?accion=getPdf&id=1541&modo=attachment"
1393,2022,"05/07/2022",6,"https://www.rosario.gob.ar/normativa/ver/documento.do?accion=getPdf&id=1540&modo=attachment"
1392,2022,"01/07/2022",2,"https://www.rosario.gob.ar/normativa/ver/documento.do?accion=getPdf&id=1539&modo=attachment"
1391,2022,"27/06/2022",1,"https://www.rosario.gob.ar/normativa/ver/documento.do?accion=getPdf&id=1538&modo=attachment"
1390,2022,"24/06/2022",3,"https://www.rosario.gob.ar/normativa/ver/documento.do?accion=getPdf&id=1537&modo=attachment"
1389,2022,"22/06/2022",1,"https://www.rosario.gob.ar/normativa/ver/documento.do?accion=getPdf&id=1536&modo=attachment"
1388,2022,"21/06/2022",3,"https://www.rosario.gob.ar/normativa/ver/documento.do?accion=getPdf&id=1535&modo=attachment"
1387,2022,"15/06/2022",5,"https://www.rosario.gob.ar/normativa/ver/documento.do?accion=getPdf&id=1534&modo=attachment"
1386,2022,"13/06/2022",3,"https://www.rosario.gob.ar/normativa/ver/documento.do?accion=getPdf&id=1532&modo=attachment"
1385,2022,"10/06/2022",3,"https://www.rosario.gob.ar/normativa/ver/documento.do?accion=getPdf&id=1531&modo=attachment"
1384,2022,"09/06/2022",3,"https://www.rosario.gob.ar/normativa/ver/documento.do?accion=getPdf&id=1530&modo=attachment"
1383,2022,"08/06/2022",1,"https://www.rosario.gob.ar/normativa/ver/documento.do?accion=getPdf&id=1529&modo=attachment"
1382,2022,"07/06/2022",7,"https://www.rosario.gob.ar/normativa/ver/documento.do?accion=getPdf&id=1528&modo=attachment"
1381,2022,"03/06/2022",1,"https://www.rosario.gob.ar/normativa/ver/documento.do?accion=getPdf&id=1527&modo=attachment"
1380,2022,"01/06/2022",5,"https://www.rosario.gob.ar/normativa/ver/documento.do?accion=getPdf&id=1526&modo=attachment"
1379,2022,"31/05/2022",3,"https://www.rosario.gob.ar/normativa/ver/documento.do?accion=getPdf&id=1525&modo=attachment"
1378,2022,"27/05/2022",10,"https://www.rosario.gob.ar/normativa/ver/documento.do?accion=getPdf&id=1524&modo=attachment"
1377,2022,"26/05/2022",3,"https://www.rosario.gob.ar/normativa/ver/documento.do?accion=getPdf&id=1523&modo=attachment"
1376,2022,"24/05/2022",4,"https://www.rosario.gob.ar/normativa/ver/documento.do?accion=getPdf&id=1522&modo=attachment"
1375,2022,"20/05/2022",3,"https://www.rosario.gob.ar/normativa/ver/documento.do?accion=getPdf&id=1521&modo=attachment"
1374,2022,"19/05/2022",1,"https://www.rosario.gob.ar/normativa/ver/documento.do?accion=getPdf&id=1520&modo=attachment"
1373,2022,"17/05/2022",1,"https://www.rosario.gob.ar/normativa/ver/documento.do?accion=getPdf&id=1519&modo=attachment"
1372,2022,"16/05/2022",6,"https://www.rosario.gob.ar/normativa/ver/documento.do?accion=getPdf&id=1518&modo=attachment"
1371,2022,"12/05/2022",2,"https://www.rosario.gob.ar/normativa/ver/documento.do?accion=getPdf&id=1517&modo=attachment"
1370,2022,"10/05/2022",4,"https://www.rosario.gob.ar/normativa/ver/documento.do?accion=getPdf&id=1516&modo=attachment"
1369,2022,"09/05/2022",2,"https://www.rosario.gob.ar/normativa/ver/documento.do?accion=getPdf&id=1515&modo=attachment"
1368,2022,"04/05/2022",1,"https://www.rosario.gob.ar/normativa/ver/documento.do?accion=getPdf&id=1514&modo=attachment"
1367,2022,"03/05/2022",2,"https://www.rosario.gob.ar/normativa/ver/documento.do?accion=getPdf&id=1513&modo=attachment"
1366,2022,"29/04/2022",7,"https://www.rosario.gob.ar/normativa/ver/documento.do?accion=getPdf&id=1512&modo=attachment"
1365,2022,"28/04/2022",4,"https://www.rosario.gob.ar/normativa/ver/documento.do?accion=getPdf&id=1511&modo=attachment"
1364,2022,"25/04/2022",4,"https://www.rosario.gob.ar/normativa/ver/documento.do?accion=getPdf&id=1510&modo=attachment"
1363,2022,"22/04/2022",2,"https://www.rosario.gob.ar/normativa/ver/documento.do?accion=getPdf&id=1509&modo=attachment"
1362,2022,"21/04/2022",1,"https://www.rosario.gob.ar/normativa/ver/documento.do?accion=getPdf&id=1508&modo=attachment"
1361,2022,"20/04/2022",1,"https://www.rosario.gob.ar/normativa/ver/documento.do?accion=getPdf&id=1507&modo=attachment"
1360,2022,"18/04/2022",2,"https://www.rosario.gob.ar/normativa/ver/documento.do?accion=getPdf&id=1506&modo=attachment"
1359,2022,"13/04/2022",2,"https://www.rosario.gob.ar/normativa/ver/documento.do?accion=getPdf&id=1505&modo=attachment"
1358,2022,"12/04/2022",4,"https://www.rosario.gob.ar/normativa/ver/documento.do?accion=getPdf&id=1504&modo=attachment"
1357,2022,"11/04/2022",3,"https://www.rosario.gob.ar/normativa/ver/documento.do?accion=getPdf&id=1503&modo=attachment"
1356,2022,"08/04/2022",3,"https://www.rosario.gob.ar/normativa/ver/documento.do?accion=getPdf&id=1502&modo=attachment"
1355,2022,"07/04/2022",4,"https://www.rosario.gob.ar/normativa/ver/documento.do?accion=getPdf&id=1501&modo=attachment"
1354,2022,"05/04/2022",3,"https://www.rosario.gob.ar/normativa/ver/documento.do?accion=getPdf&id=1500&modo=attachment"
1353,2022,"04/04/2022",4,"https://www.rosario.gob.ar/normativa/ver/documento.do?accion=getPdf&id=1499&modo=attachment"
1352,2022,"01/04/2022",2,"https://www.rosario.gob.ar/normativa/ver/documento.do?accion=getPdf&id=1498&modo=attachment"
1351,2022,"30/03/2022",2,"https://www.rosario.gob.ar/normativa/ver/documento.do?accion=getPdf&id=1497&modo=attachment"
1350,2022,"29/03/2022",4,"https://www.rosario.gob.ar/normativa/ver/documento.do?accion=getPdf&id=1496&modo=attachment"
1349,2022,"28/03/2022",1,"https://www.rosario.gob.ar/normativa/ver/documento.do?accion=getPdf&id=1495&modo=attachment"
1348,2022,"25/03/2022",4,"https://www.rosario.gob.ar/normativa/ver/documento.do?accion=getPdf&id=1494&modo=attachment"
1347,2022,"23/03/2022",3,"https://www.rosario.gob.ar/normativa/ver/documento.do?accion=getPdf&id=1493&modo=attachment"
1346,2022,"21/03/2022",3,"https://www.rosario.gob.ar/normativa/ver/documento.do?accion=getPdf&id=1492&modo=attachment"
1345,2022,"18/03/2022",2,"https://www.rosario.gob.ar/normativa/ver/documento.do?accion=getPdf&id=1491&modo=attachment"
1344,2022,"17/03/2022",3,"https://www.rosario.gob.ar/normativa/ver/documento.do?accion=getPdf&id=1490&modo=attachment"
1343,2022,"16/03/2022",4,"https://www.rosario.gob.ar/normativa/ver/documento.do?accion=getPdf&id=1489&modo=attachment"
1342,2022,"15/03/2022",3,"https://www.rosario.gob.ar/normativa/ver/documento.do?accion=getPdf&id=1488&modo=attachment"
1341,2022,"10/03/2022",4,"https://www.rosario.gob.ar/normativa/ver/documento.do?accion=getPdf&id=1487&modo=attachment"
1340,2022,"08/03/2022",4,"https://www.rosario.gob.ar/normativa/ver/documento.do?accion=getPdf&id=1486&modo=attachment"
1339,2022,"07/03/2022",5,"https://www.rosario.gob.ar/normativa/ver/documento.do?accion=getPdf&id=1485&modo=attachment"
1338,2022,"04/03/2022",6,"https://www.rosario.gob.ar/normativa/ver/documento.do?accion=getPdf&id=1483&modo=attachment"
1337,2022,"24/02/2022",2,"https://www.rosario.gob.ar/normativa/ver/documento.do?accion=getPdf&id=1482&modo=attachment"
1336,2022,"22/02/2022",1,"https://www.rosario.gob.ar/normativa/ver/documento.do?accion=getPdf&id=1481&modo=attachment"
1335,2022,"17/02/2022",1,"https://www.rosario.gob.ar/normativa/ver/documento.do?accion=getPdf&id=1480&modo=attachment"
1334,2022,"16/02/2022",1,"https://www.rosario.gob.ar/normativa/ver/documento.do?accion=getPdf&id=1479&modo=attachment"
1333,2022,"15/02/2022",3,"https://www.rosario.gob.ar/normativa/ver/documento.do?accion=getPdf&id=1478&modo=attachment"
1332,2022,"11/02/2022",1,"https://www.rosario.gob.ar/normativa/ver/documento.do?accion=getPdf&id=1477&modo=attachment"
1331,2022,"10/02/2022",6,"https://www.rosario.gob.ar/normativa/ver/documento.do?accion=getPdf&id=1476&modo=attachment"
1330,2022,"07/02/2022",5,"https://www.rosario.gob.ar/normativa/ver/documento.do?accion=getPdf&id=1475&modo=attachment"
1329,2022,"03/02/2022",4,"https://www.rosario.gob.ar/normativa/ver/documento.do?accion=getPdf&id=1474&modo=attachment"
1328,2022,"01/02/2022",6,"https://www.rosario.gob.ar/normativa/ver/documento.do?accion=getPdf&id=1473&modo=attachment"
1327,2022,"31/01/2022",3,"https://www.rosario.gob.ar/normativa/ver/documento.do?accion=getPdf&id=1472&modo=attachment"
1326,2022,"27/01/2022",1,"https://www.rosario.gob.ar/normativa/ver/documento.do?accion=getPdf&id=1471&modo=attachment"
1325,2022,"25/01/2022",3,"https://www.rosario.gob.ar/normativa/ver/documento.do?accion=getPdf&id=1470&modo=attachment"
1324,2022,"21/01/2022",2,"https://www.rosario.gob.ar/normativa/ver/documento.do?accion=getPdf&id=1469&modo=attachment"
1323,2022,"20/01/2022",4,"https://www.rosario.gob.ar/normativa/ver/documento.do?accion=getPdf&id=1468&modo=attachment"
1322,2022,"18/01/2022",3,"https://www.rosario.gob.ar/normativa/ver/documento.do?accion=getPdf&id=1466&modo=attachment"
1321,2022,"13/01/2022",5,"https://www.rosario.gob.ar/normativa/ver/documento.do?accion=getPdf&id=1465&modo=attachment"
1320,2022,"12/01/2022",3,"https://www.rosario.gob.ar/normativa/ver/documento.do?accion=getPdf&id=1464&modo=attachment"
1319,2022,"11/01/2022",2,"https://www.rosario.gob.ar/normativa/ver/documento.do?accion=getPdf&id=1463&modo=attachment"
1318,2022,"10/01/2022",8,"https://www.rosario.gob.ar/normativa/ver/documento.do?accion=getPdf&id=1462&modo=attachment"
1317,2022,"07/01/2022",2,"https://www.rosario.gob.ar/normativa/ver/documento.do?accion=getPdf&id=1461&modo=attachment"
1316,2022,"06/01/2022",7,"https://www.rosario.gob.ar/normativa/ver/documento.do?accion=getPdf&id=1460&modo=attachment"
1315,2022,"05/01/2022",6,"https://www.rosario.gob.ar/normativa/ver/documento.do?accion=getPdf&id=1459&modo=attachment"
1314,2021,"30/12/2021",1,"https://www.rosario.gob.ar/normativa/ver/documento.do?accion=getPdf&id=1458&modo=attachment"
1313,2021,"29/12/2021",7,"https://www.rosario.gob.ar/normativa/ver/documento.do?accion=getPdf&id=1457&modo=attachment"
1312,2021,"27/12/2021",3,"https://www.rosario.gob.ar/normativa/ver/documento.do?accion=getPdf&id=1456&modo=attachment"
1311,2021,"23/12/2021",9,"https://www.rosario.gob.ar/normativa/ver/documento.do?accion=getPdf&id=1453&modo=attachment"
1310,2021,"22/12/2021",1,"https://www.rosario.gob.ar/normativa/ver/documento.do?accion=getPdf&id=1452&modo=attachment"
1309,2021,"21/12/2021",9,"https://www.rosario.gob.ar/normativa/ver/documento.do?accion=getPdf&id=1451&modo=attachment"
1308,2021,"20/12/2021",3,"https://www.rosario.gob.ar/normativa/ver/documento.do?accion=getPdf&id=1450&modo=attachment"
1307,2021,"17/12/2021",4,"https://www.rosario.gob.ar/normativa/ver/documento.do?accion=getPdf&id=1449&modo=attachment"
1306,2021,"16/12/2021",2,"https://www.rosario.gob.ar/normativa/ver/documento.do?accion=getPdf&id=1448&modo=attachment"
1305,2021,"14/12/2021",2,"https://www.rosario.gob.ar/normativa/ver/documento.do?accion=getPdf&id=1447&modo=attachment"
1304,2021,"13/12/2021",2,"https://www.rosario.gob.ar/normativa/ver/documento.do?accion=getPdf&id=1446&modo=attachment"
1303,2021,"10/12/2021",1,"https://www.rosario.gob.ar/normativa/ver/documento.do?accion=getPdf&id=1445&modo=attachment"
1302,2021,"07/12/2021",3,"https://www.rosario.gob.ar/normativa/ver/documento.do?accion=getPdf&id=1444&modo=attachment"
1301,2021,"06/12/2021",2,"https://www.rosario.gob.ar/normativa/ver/documento.do?accion=getPdf&id=1443&modo=attachment"
1300,2021,"01/12/2021",3,"https://www.rosario.gob.ar/normativa/ver/documento.do?accion=getPdf&id=1440&modo=attachment"
1299,2021,"29/11/2021",1,"https://www.rosario.gob.ar/normativa/ver/documento.do?accion=getPdf&id=1439&modo=attachment"
1298,2021,"25/11/2021",7,"https://www.rosario.gob.ar/normativa/ver/documento.do?accion=getPdf&id=1438&modo=attachment"
1297,2021,"24/11/2021",1,"https://www.rosario.gob.ar/normativa/ver/documento.do?accion=getPdf&id=1437&modo=attachment"
1296,2021,"19/11/2021",3,"https://www.rosario.gob.ar/normativa/ver/documento.do?accion=getPdf&id=1436&modo=attachment"
1295,2021,"17/11/2021",1,"https://www.rosario.gob.ar/normativa/ver/documento.do?accion=getPdf&id=1435&modo=attachment"
1294,2021,"15/11/2021",2,"https://www.rosario.gob.ar/normativa/ver/documento.do?accion=getPdf&id=1433&modo=attachment"
1293,2021,"12/11/2021",5,"https://www.rosario.gob.ar/normativa/ver/documento.do?accion=getPdf&id=1432&modo=attachment"
1292,2021,"11/11/2021",2,"https://www.rosario.gob.ar/normativa/ver/documento.do?accion=getPdf&id=1430&modo=attachment"
1291,2021,"10/11/2021",1,"https://www.rosario.gob.ar/normativa/ver/documento.do?accion=getPdf&id=1429&modo=attachment"
1290,2021,"08/11/2021",5,"https://www.rosario.gob.ar/normativa/ver/documento.do?accion=getPdf&id=1428&modo=attachment"
1289,2021,"04/11/2021",3,"https://www.rosario.gob.ar/normativa/ver/documento.do?accion=getPdf&id=1427&modo=attachment"
1288,2021,"03/11/2021",4,"https://www.rosario.gob.ar/normativa/ver/documento.do?accion=getPdf&id=1426&modo=attachment"
1287,2021,"02/11/2021",2,"https://www.rosario.gob.ar/normativa/ver/documento.do?accion=getPdf&id=1425&modo=attachment"
1286,2021,"01/11/2021",1,"https://www.rosario.gob.ar/normativa/ver/documento.do?accion=getPdf&id=1424&modo=attachment"
1285,2021,"27/10/2021",3,"https://www.rosario.gob.ar/normativa/ver/documento.do?accion=getPdf&id=1423&modo=attachment"
1284,2021,"26/10/2021",4,"https://www.rosario.gob.ar/normativa/ver/documento.do?accion=getPdf&id=1422&modo=attachment"
1283,2021,"25/10/2021",2,"https://www.rosario.gob.ar/normativa/ver/documento.do?accion=getPdf&id=1421&modo=attachment"
1282,2021,"22/10/2021",4,"https://www.rosario.gob.ar/normativa/ver/documento.do?accion=getPdf&id=1420&modo=attachment"
1281,2021,"21/10/2021",8,"https://www.rosario.gob.ar/normativa/ver/documento.do?accion=getPdf&id=1419&modo=attachment"
1280,2021,"18/10/2021",2,"https://www.rosario.gob.ar/normativa/ver/documento.do?accion=getPdf&id=1417&modo=attachment"
1279,2021,"15/10/2021",3,"https://www.rosario.gob.ar/normativa/ver/documento.do?accion=getPdf&id=1416&modo=attachment"
1278,2021,"14/10/2021",3,"https://www.rosario.gob.ar/normativa/ver/documento.do?accion=getPdf&id=1415&modo=attachment"
1277,2021,"13/10/2021",6,"https://www.rosario.gob.ar/normativa/ver/documento.do?accion=getPdf&id=1414&modo=attachment"
1276,2021,"12/10/2021",1,"https://www.rosario.gob.ar/normativa/ver/documento.do?accion=getPdf&id=1413&modo=attachment"
1275,2021,"06/10/2021",1,"https://www.rosario.gob.ar/normativa/ver/documento.do?accion=getPdf&id=1412&modo=attachment"
1274,2021,"05/10/2021",3,"https://www.rosario.gob.ar/normativa/ver/documento.do?accion=getPdf&id=1411&modo=attachment"
1273,2021,"01/10/2021",1,"https://www.rosario.gob.ar/normativa/ver/documento.do?accion=getPdf&id=1410&modo=attachment"
1272,2021,"30/09/2021",2,"https://www.rosario.gob.ar/normativa/ver/documento.do?accion=getPdf&id=1409&modo=attachment"
1271,2021,"29/09/2021",1,"https://www.rosario.gob.ar/normativa/ver/documento.do?accion=getPdf&id=1408&modo=attachment"
1270,2021,"28/09/2021",1,"https://www.rosario.gob.ar/normativa/ver/documento.do?accion=getPdf&id=1407&modo=attachment"
1269,2021,"27/09/2021",6,"https://www.rosario.gob.ar/normativa/ver/documento.do?accion=getPdf&id=1406&modo=attachment"
1268,2021,"24/09/2021",5,"https://www.rosario.gob.ar/normativa/ver/documento.do?accion=getPdf&id=1405&modo=attachment"
1267,2021,"23/09/2021",5,"https://www.rosario.gob.ar/normativa/ver/documento.do?accion=getPdf&id=1404&modo=attachment"
1266,2021,"22/09/2021",1,"https://www.rosario.gob.ar/normativa/ver/documento.do?accion=getPdf&id=1403&modo=attachment"
1265,2021,"21/09/2021",4,"https://www.rosario.gob.ar/normativa/ver/documento.do?accion=getPdf&id=1402&modo=attachment"
1264,2021,"17/09/2021",2,"https://www.rosario.gob.ar/normativa/ver/documento.do?accion=getPdf&id=1401&modo=attachment"
1263,2021,"16/09/2021",1,"https://www.rosario.gob.ar/normativa/ver/documento.do?accion=getPdf&id=1400&modo=attachment"
1262,2021,"15/09/2021",3,"https://www.rosario.gob.ar/normativa/ver/documento.do?accion=getPdf&id=1399&modo=attachment"
1261,2021,"14/09/2021",2,"https://www.rosario.gob.ar/normativa/ver/documento.do?accion=getPdf&id=1398&modo=attachment"
1260,2021,"13/09/2021",3,"https://www.rosario.gob.ar/normativa/ver/documento.do?accion=getPdf&id=1397&modo=attachment"
1259,2021,"09/09/2021",1,"https://www.rosario.gob.ar/normativa/ver/documento.do?accion=getPdf&id=1396&modo=attachment"
1258,2021,"08/09/2021",1,"https://www.rosario.gob.ar/normativa/ver/documento.do?accion=getPdf&id=1395&modo=attachment"
1257,2021,"07/09/2021",2,"https://www.rosario.gob.ar/normativa/ver/documento.do?accion=getPdf&id=1394&modo=attachment"
1256,2021,"06/09/2021",2,"https://www.rosario.gob.ar/normativa/ver/documento.do?accion=getPdf&id=1393&modo=attachment"
1255,2021,"02/09/2021",5,"https://www.rosario.gob.ar/normativa/ver/documento.do?accion=getPdf&id=1392&modo=attachment"
1254,2021,"01/09/2021",8,"https://www.rosario.gob.ar/normativa/ver/documento.do?accion=getPdf&id=1391&modo=attachment"
1253,2021,"31/08/2021",4,"https://www.rosario.gob.ar/normativa/ver/documento.do?accion=getPdf&id=1390&modo=attachment"
1252,2021,"27/08/2021",9,"https://www.rosario.gob.ar/normativa/ver/documento.do?accion=getPdf&id=1389&modo=attachment"
1251,2021,"25/08/2021",3,"https://www.rosario.gob.ar/normativa/ver/documento.do?accion=getPdf&id=1388&modo=attachment"
1250,2021,"24/08/2021",2,"https://www.rosario.gob.ar/normativa/ver/documento.do?accion=getPdf&id=1387&modo=attachment"
1249,2021,"23/08/2021",3,"https://www.rosario.gob.ar/normativa/ver/documento.do?accion=getPdf&id=1386&modo=attachment"
1248,2021,"20/08/2021",1,"https://www.rosario.gob.ar/normativa/ver/documento.do?accion=getPdf&id=1385&modo=attachment"
1247,2021,"18/08/2021",5,"https://www.rosario.gob.ar/normativa/ver/documento.do?accion=getPdf&id=1384&modo=attachment"
1246,2021,"17/08/2021",2,"https://www.rosario.gob.ar/normativa/ver/documento.do?accion=getPdf&id=1383&modo=attachment"
1245,2021,"13/08/2021",5,"https://www.rosario.gob.ar/normativa/ver/documento.do?accion=getPdf&id=1382&modo=attachment"
1244,2021,"12/08/2021",3,"https://www.rosario.gob.ar/normativa/ver/documento.do?accion=getPdf&id=1381&modo=attachment"
1243,2021,"11/08/2021",2,"https://www.rosario.gob.ar/normativa/ver/documento.do?accion=getPdf&id=1380&modo=attachment"
1242,2021,"10/08/2021",3,"https://www.rosario.gob.ar/normativa/ver/documento.do?accion=getPdf&id=1379&modo=attachment"
1241,2021,"09/08/2021",7,"https://www.rosario.gob.ar/normativa/ver/documento.do?accion=getPdf&id=1378&modo=attachment"
1240,2021,"06/08/2021",4,"https://www.rosario.gob.ar/normativa/ver/documento.do?accion=getPdf&id=1377&modo=attachment"
1239,2021,"05/08/2021",6,"https://www.rosario.gob.ar/normativa/ver/documento.do?accion=getPdf&id=1376&modo=attachment"
1238,2021,"03/08/2021",1,"https://www.rosario.gob.ar/normativa/ver/documento.do?accion=getPdf&id=1375&modo=attachment"
1237,2021,"02/08/2021",2,"https://www.rosario.gob.ar/normativa/ver/documento.do?accion=getPdf&id=1374&modo=attachment"
1236,2021,"30/07/2021",8,"https://www.rosario.gob.ar/normativa/ver/documento.do?accion=getPdf&id=1373&modo=attachment"
1235,2021,"29/07/2021",1,"https://www.rosario.gob.ar/normativa/ver/documento.do?accion=getPdf&id=1372&modo=attachment"
1234,2021,"28/07/2021",1,"https://www.rosario.gob.ar/normativa/ver/documento.do?accion=getPdf&id=1371&modo=attachment"
1233,2021,"27/07/2021",1,"https://www.rosario.gob.ar/normativa/ver/documento.do?accion=getPdf&id=1370&modo=attachment"
1232,2021,"26/07/2021",3,"https://www.rosario.gob.ar/normativa/ver/documento.do?accion=getPdf&id=1369&modo=attachment"
1231,2021,"22/07/2021",1,"https://www.rosario.gob.ar/normativa/ver/documento.do?accion=getPdf&id=1368&modo=attachment"
1230,2021,"20/07/2021",6,"https://www.rosario.gob.ar/normativa/ver/documento.do?accion=getPdf&id=1367&modo=attachment"
1229,2021,"15/07/2021",1,"https://www.rosario.gob.ar/normativa/ver/documento.do?accion=getPdf&id=1366&modo=attachment"
1228,2021,"14/07/2021",1,"https://www.rosario.gob.ar/normativa/ver/documento.do?accion=getPdf&id=1365&modo=attachment"
1227,2021,"13/07/2021",2,"https://www.rosario.gob.ar/normativa/ver/documento.do?accion=getPdf&id=1364&modo=attachment"
1226,2021,"08/07/2021",3,"https://www.rosario.gob.ar/normativa/ver/documento.do?accion=getPdf&id=1363&modo=attachment"
1225,2021,"06/07/2021",1,"https://www.rosario.gob.ar/normativa/ver/documento.do?accion=getPdf&id=1362&modo=attachment"
1224,2021,"05/07/2021",6,"https://www.rosario.gob.ar/normativa/ver/documento.do?accion=getPdf&id=1361&modo=attachment"
1223,2021,"02/07/2021",4,"https://www.rosario.gob.ar/normativa/ver/documento.do?accion=getPdf&id=1360&modo=attachment"
1222,2021,"01/07/2021",3,"https://www.rosario.gob.ar/normativa/ver/documento.do?accion=getPdf&id=1359&modo=attachment"
1221,2021,"30/06/2021",6,"https://www.rosario.gob.ar/normativa/ver/documento.do?accion=getPdf&id=1358&modo=attachment"
1220,2021,"28/06/2021",2,"https://www.rosario.gob.ar/normativa/ver/documento.do?accion=getPdf&id=1357&modo=attachment"
1219,2021,"24/06/2021",3,"https://www.rosario.gob.ar/normativa/ver/documento.do?accion=getPdf&id=1356&modo=attachment"
1218,2021,"23/06/2021",1,"https://www.rosario.gob.ar/normativa/ver/documento.do?accion=getPdf&id=1355&modo=attachment"
1217,2021,"22/06/2021",5,"https://www.rosario.gob.ar/normativa/ver/documento.do?accion=getPdf&id=1354&modo=attachment"
1216,2021,"18/06/2021",1,"https://www.rosario.gob.ar/normativa/ver/documento.do?accion=getPdf&id=1353&modo=attachment"
1215,2021,"16/06/2021",2,"https://www.rosario.gob.ar/normativa/ver/documento.do?accion=getPdf&id=1352&modo=attachment"
1214,2021,"15/06/2021",1,"https://www.rosario.gob.ar/normativa/ver/documento.do?accion=getPdf&id=1351&modo=attachment"
1213,2021,"11/06/2021",4,"https://www.rosario.gob.ar/normativa/ver/documento.do?accion=getPdf&id=1350&modo=attachment"
1212,2021,"09/06/2021",3,"https://www.rosario.gob.ar/normativa/ver/documento.do?accion=getPdf&id=1349&modo=attachment"
1211,2021,"07/06/2021",3,"https://www.rosario.gob.ar/normativa/ver/documento.do?accion=getPdf&id=1348&modo=attachment"
1210,2021,"03/06/2021",6,"https://www.rosario.gob.ar/normativa/ver/documento.do?accion=getPdf&id=1347&modo=attachment"
1209,2021,"01/06/2021",3,"https://www.rosario.gob.ar/normativa/ver/documento.do?accion=getPdf&id=1346&modo=attachment"
1208,2021,"28/05/2021",6,"https://www.rosario.gob.ar/normativa/ver/documento.do?accion=getPdf&id=1345&modo=attachment"
1207,2021,"27/05/2021",1,"https://www.rosario.gob.ar/normativa/ver/documento.do?accion=getPdf&id=1344&modo=attachment"
1206,2021,"26/05/2021",1,"https://www.rosario.gob.ar/normativa/ver/documento.do?accion=getPdf&id=1342&modo=attachment"
1205,2021,"21/05/2021",1,"https://www.rosario.gob.ar/normativa/ver/documento.do?accion=getPdf&id=1341&modo=attachment"
1204,2021,"20/05/2021",7,"https://www.rosario.gob.ar/normativa/ver/documento.do?accion=getPdf&id=1339&modo=attachment"
1203,2021,"17/05/2021",1,"https://www.rosario.gob.ar/normativa/ver/documento.do?accion=getPdf&id=1338&modo=attachment"
1202,2021,"14/05/2021",2,"https://www.rosario.gob.ar/normativa/ver/documento.do?accion=getPdf&id=1337&modo=attachment"
1201,2021,"13/05/2021",4,"https://www.rosario.gob.ar/normativa/ver/documento.do?accion=getPdf&id=1336&modo=attachment"
1200,2021,"12/05/2021",6,"https://www.rosario.gob.ar/normativa/ver/documento.do?accion=getPdf&id=1335&modo=attachment"
1199,2021,"10/05/2021",3,"https://www.rosario.gob.ar/normativa/ver/documento.do?accion=getPdf&id=1333&modo=attachment"
1198,2021,"07/05/2021",1,"https://www.rosario.gob.ar/normativa/ver/documento.do?accion=getPdf&id=1332&modo=attachment"
1197,2021,"06/05/2021",3,"https://www.rosario.gob.ar/normativa/ver/documento.do?accion=getPdf&id=1331&modo=attachment"
1196,2021,"05/05/2021",3,"https://www.rosario.gob.ar/normativa/ver/documento.do?accion=getPdf&id=1330&modo=attachment"
1195,2021,"30/04/2021",3,"https://www.rosario.gob.ar/normativa/ver/documento.do?accion=getPdf&id=1327&modo=attachment"
1194,2021,"29/04/2021",7,"https://www.rosario.gob.ar/normativa/ver/documento.do?accion=getPdf&id=1326&modo=attachment"
1193,2021,"26/04/2021",7,"https://www.rosario.gob.ar/normativa/ver/documento.do?accion=getPdf&id=1324&modo=attachment"
1192,2021,"23/04/2021",5,"https://www.rosario.gob.ar/normativa/ver/documento.do?accion=getPdf&id=1323&modo=attachment"
1191,2021,"22/04/2021",2,"https://www.rosario.gob.ar/normativa/ver/documento.do?accion=getPdf&id=1322&modo=attachment"
1190,2021,"19/04/2021",3,"https://www.rosario.gob.ar/normativa/ver/documento.do?accion=getPdf&id=1321&modo=attachment"
1189,2021,"16/04/2021",4,"https://www.rosario.gob.ar/normativa/ver/documento.do?accion=getPdf&id=1320&modo=attachment"
1188,2021,"14/04/2021",3,"https://www.rosario.gob.ar/normativa/ver/documento.do?accion=getPdf&id=1319&modo=attachment"
1187,2021,"13/04/2021",5,"https://www.rosario.gob.ar/normativa/ver/documento.do?accion=getPdf&id=1318&modo=attachment"
1186,2021,"12/04/2021",3,"https://www.rosario.gob.ar/normativa/ver/documento.do?accion=getPdf&id=1317&modo=attachment"
1185,2021,"07/04/2021",1,"https://www.rosario.gob.ar/normativa/ver/documento.do?accion=getPdf&id=1316&modo=attachment"
1184,2021,"06/04/2021",4,"https://www.rosario.gob.ar/normativa/ver/documento.do?accion=getPdf&id=1315&modo=attachment"
1183,2021,"05/04/2021",2,"https://www.rosario.gob.ar/normativa/ver/documento.do?accion=getPdf&id=1314&modo=attachment"
1182,2021,"31/03/2021",1,"https://www.rosario.gob.ar/normativa/ver/documento.do?accion=getPdf&id=1313&modo=attachment"
1181,2021,"30/03/2021",3,"https://www.rosario.gob.ar/normativa/ver/documento.do?accion=getPdf&id=1312&modo=attachment"
1180,2021,"29/03/2021",4,"https://www.rosario.gob.ar/normativa/ver/documento.do?accion=getPdf&id=1311&modo=attachment"
1179,2021,"19/03/2021",9,"https://www.rosario.gob.ar/normativa/ver/documento.do?accion=getPdf&id=1309&modo=attachment"
1178,2021,"15/03/2021",6,"https://www.rosario.gob.ar/normativa/ver/documento.do?accion=getPdf&id=1307&modo=attachment"
1177,2021,"08/03/2021",10,"https://www.rosario.gob.ar/normativa/ver/documento.do?accion=getPdf&id=1304&modo=attachment"
1176,2021,"01/03/2021",4,"https://www.rosario.gob.ar/normativa/ver/documento.do?accion=getPdf&id=1303&modo=attachment"
1175,2021,"25/02/2021",6,"https://www.rosario.gob.ar/normativa/ver/documento.do?accion=getPdf&id=1302&modo=attachment"
1174,2021,"24/02/2021",6,"https://www.rosario.gob.ar/normativa/ver/documento.do?accion=getPdf&id=1301&modo=attachment"
1173,2021,"23/02/2021",8,"https://www.rosario.gob.ar/normativa/ver/documento.do?accion=getPdf&id=1300&modo=attachment"
1172,2021,"22/02/2021",8,"https://www.rosario.gob.ar/normativa/ver/documento.do?accion=getPdf&id=1299&modo=attachment"
1171,2021,"18/02/2021",6,"https://www.rosario.gob.ar/normativa/ver/documento.do?accion=getPdf&id=1298&modo=attachment"
1170,2021,"17/02/2021",6,"https://www.rosario.gob.ar/normativa/ver/documento.do?accion=getPdf&id=1297&modo=attachment"
1169,2021,"12/02/2021",7,"https://www.rosario.gob.ar/normativa/ver/documento.do?accion=getPdf&id=1296&modo=attachment"
1168,2021,"10/02/2021",3,"https://www.rosario.gob.ar/normativa/ver/documento.do?accion=getPdf&id=1294&modo=attachment"
1167,2021,"08/02/2021",2,"https://www.rosario.gob.ar/normativa/ver/documento.do?accion=getPdf&id=1293&modo=attachment"
1166,2021,"05/02/2021",6,"https://www.rosario.gob.ar/normativa/ver/documento.do?accion=getPdf&id=1292&modo=attachment"
1165,2021,"03/02/2021",2,"https://www.rosario.gob.ar/normativa/ver/documento.do?accion=getPdf&id=1291&modo=attachment"
1164,2021,"02/02/2021",1,"https://www.rosario.gob.ar/normativa/ver/documento.do?accion=getPdf&id=1290&modo=attachment"
1163,2021,"28/01/2021",6,"https://www.rosario.gob.ar/normativa/ver/documento.do?accion=getPdf&id=1289&modo=attachment"
1162,2021,"27/01/2021",5,"https://www.rosario.gob.ar/normativa/ver/documento.do?accion=getPdf&id=1288&modo=attachment"
1161,2021,"26/01/2021",4,"https://www.rosario.gob.ar/normativa/ver/documento.do?accion=getPdf&id=1286&modo=attachment"
1160,2021,"25/01/2021",1,"https://www.rosario.gob.ar/normativa/ver/documento.do?accion=getPdf&id=1285&modo=attachment"
1159,2021,"22/01/2021",2,"https://www.rosario.gob.ar/normativa/ver/documento.do?accion=getPdf&id=1283&modo=attachment"
1158,2021,"21/01/2021",2,"https://www.rosario.gob.ar/normativa/ver/documento.do?accion=getPdf&id=1282&modo=attachment"
1157,2021,"19/01/2021",1,"https://www.rosario.gob.ar/normativa/ver/documento.do?accion=getPdf&id=1281&modo=attachment"
1156,2021,"18/01/2021",6,"https://www.rosario.gob.ar/normativa/ver/documento.do?accion=getPdf&id=1280&modo=attachment"
1155,2021,"15/01/2021",6,"https://www.rosario.gob.ar/normativa/ver/documento.do?accion=getPdf&id=1279&modo=attachment"
1154,2021,"14/01/2021",6,"https://www.rosario.gob.ar/normativa/ver/documento.do?accion=getPdf&id=1278&modo=attachment"
1153,2021,"13/01/2021",6,"https://www.rosario.gob.ar/normativa/ver/documento.do?accion=getPdf&id=1275&modo=attachment"
1152,2021,"12/01/2021",11,"https://www.rosario.gob.ar/normativa/ver/documento.do?accion=getPdf&id=1274&modo=attachment"
1151,2021,"06/01/2021",9,"https://www.rosario.gob.ar/normativa/ver/documento.do?accion=getPdf&id=1273&modo=attachment"
1150,2020,"29/12/2020",1,"https://www.rosario.gob.ar/normativa/ver/documento.do?accion=getPdf&id=1272&modo=attachment"
1149,2020,"28/12/2020",4,"https://www.rosario.gob.ar/normativa/ver/documento.do?accion=getPdf&id=1271&modo=attachment"
1148,2020,"23/12/2020",2,"https://www.rosario.gob.ar/normativa/ver/documento.do?accion=getPdf&id=1269&modo=attachment"
1147,2020,"22/12/2020",1,"https://www.rosario.gob.ar/normativa/ver/documento.do?accion=getPdf&id=1268&modo=attachment"
1146,2020,"18/12/2020",2,"https://www.rosario.gob.ar/normativa/ver/documento.do?accion=getPdf&id=1267&modo=attachment"
1145,2020,"16/12/2020",3,"https://www.rosario.gob.ar/normativa/ver/documento.do?accion=getPdf&id=1266&modo=attachment"
1144,2020,"15/12/2020",4,"https://www.rosario.gob.ar/normativa/ver/documento.do?accion=getPdf&id=1265&modo=attachment"
1143,2020,"14/12/2020",7,"https://www.rosario.gob.ar/normativa/ver/documento.do?accion=getPdf&id=1264&modo=attachment"
1142,2020,"10/12/2020",3,"https://www.rosario.gob.ar/normativa/ver/documento.do?accion=getPdf&id=1262&modo=attachment"
1141,2020,"03/12/2020",5,"https://www.rosario.gob.ar/normativa/ver/documento.do?accion=getPdf&id=1260&modo=attachment"
1140,2020,"02/12/2020",3,"https://www.rosario.gob.ar/normativa/ver/documento.do?accion=getPdf&id=1259&modo=attachment"
1139,2020,"01/12/2020",8,"https://www.rosario.gob.ar/normativa/ver/documento.do?accion=getPdf&id=1258&modo=attachment"
1138,2020,"27/11/2020",2,"https://www.rosario.gob.ar/normativa/ver/documento.do?accion=getPdf&id=1257&modo=attachment"
1137,2020,"26/11/2020",5,"https://www.rosario.gob.ar/normativa/ver/documento.do?accion=getPdf&id=1256&modo=attachment"
1136,2020,"25/11/2020",6,"https://www.rosario.gob.ar/normativa/ver/documento.do?accion=getPdf&id=1255&modo=attachment"
1135,2020,"20/11/2020",3,"https://www.rosario.gob.ar/normativa/ver/documento.do?accion=getPdf&id=1254&modo=attachment"
1134,2020,"16/11/2020",4,"https://www.rosario.gob.ar/normativa/ver/documento.do?accion=getPdf&id=1253&modo=attachment"
1133,2020,"13/11/2020",2,"https://www.rosario.gob.ar/normativa/ver/documento.do?accion=getPdf&id=1252&modo=attachment"
1132,2020,"11/11/2020",1,"https://www.rosario.gob.ar/normativa/ver/documento.do?accion=getPdf&id=1251&modo=attachment"
1131,2020,"09/11/2020",1,"https://www.rosario.gob.ar/normativa/ver/documento.do?accion=getPdf&id=1250&modo=attachment"
1130,2020,"05/11/2020",1,"https://www.rosario.gob.ar/normativa/ver/documento.do?accion=getPdf&id=1249&modo=attachment"
1129,2020,"04/11/2020",6,"https://www.rosario.gob.ar/normativa/ver/documento.do?accion=getPdf&id=1248&modo=attachment"
1128,2020,"03/11/2020",9,"https://www.rosario.gob.ar/normativa/ver/documento.do?accion=getPdf&id=1247&modo=attachment"
1127,2020,"30/10/2020",10,"https://www.rosario.gob.ar/normativa/ver/documento.do?accion=getPdf&id=1245&modo=attachment"
1126,2020,"29/10/2020",7,"https://www.rosario.gob.ar/normativa/ver/documento.do?accion=getPdf&id=1244&modo=attachment"
1125,2020,"26/10/2020",2,"https://www.rosario.gob.ar/normativa/ver/documento.do?accion=getPdf&id=1243&modo=attachment"
1124,2020,"20/10/2020",7,"https://www.rosario.gob.ar/normativa/ver/documento.do?accion=getPdf&id=1242&modo=attachment"
1123,2020,"15/10/2020",3,"https://www.rosario.gob.ar/normativa/ver/documento.do?accion=getPdf&id=1241&modo=attachment"
1122,2020,"14/10/2020",1,"https://www.rosario.gob.ar/normativa/ver/documento.do?accion=getPdf&id=1240&modo=attachment"
1121,2020,"13/10/2020",7,"https://www.rosario.gob.ar/normativa/ver/documento.do?accion=getPdf&id=1239&modo=attachment"
1120,2020,"02/10/2020",2,"https://www.rosario.gob.ar/normativa/ver/documento.do?accion=getPdf&id=1238&modo=attachment"
1119,2020,"30/09/2020",3,"https://www.rosario.gob.ar/normativa/ver/documento.do?accion=getPdf&id=1237&modo=attachment"
1118,2020,"29/09/2020",7,"https://www.rosario.gob.ar/normativa/ver/documento.do?accion=getPdf&id=1236&modo=attachment"
1117,2020,"28/09/2020",6,"https://www.rosario.gob.ar/normativa/ver/documento.do?accion=getPdf&id=1235&modo=attachment"
1116,2020,"24/09/2020",5,"https://www.rosario.gob.ar/normativa/ver/documento.do?accion=getPdf&id=1234&modo=attachment"
1115,2020,"18/09/2020",2,"https://www.rosario.gob.ar/normativa/ver/documento.do?accion=getPdf&id=1232&modo=attachment"
1114,2020,"17/09/2020",2,"https://www.rosario.gob.ar/normativa/ver/documento.do?accion=getPdf&id=1231&modo=attachment"
1113,2020,"15/09/2020",1,"https://www.rosario.gob.ar/normativa/ver/documento.do?accion=getPdf&id=1229&modo=attachment"
1112,2020,"14/09/2020",3,"https://www.rosario.gob.ar/normativa/ver/documento.do?accion=getPdf&id=1228&modo=attachment"
1111,2020,"07/09/2020",3,"https://www.rosario.gob.ar/normativa/ver/documento.do?accion=getPdf&id=1226&modo=attachment"
1110,2020,"02/09/2020",7,"https://www.rosario.gob.ar/normativa/ver/documento.do?accion=getPdf&id=1224&modo=attachment"
1109,2020,"28/08/2020",1,"https://www.rosario.gob.ar/normativa/ver/documento.do?accion=getPdf&id=1222&modo=attachment"
1108,2020,"26/08/2020",2,"https://www.rosario.gob.ar/normativa/ver/documento.do?accion=getPdf&id=1221&modo=attachment"
1107,2020,"24/08/2020",2,"https://www.rosario.gob.ar/normativa/ver/documento.do?accion=getPdf&id=1220&modo=attachment"
1106,2020,"20/08/2020",5,"https://www.rosario.gob.ar/normativa/ver/documento.do?accion=getPdf&id=1219&modo=attachment"
1105,2020,"18/08/2020",2,"https://www.rosario.gob.ar/normativa/ver/documento.do?accion=getPdf&id=1218&modo=attachment"
1104,2020,"14/08/2020",3,"https://www.rosario.gob.ar/normativa/ver/documento.do?accion=getPdf&id=1217&modo=attachment"
1103,2020,"11/08/2020",1,"https://www.rosario.gob.ar/normativa/ver/documento.do?accion=getPdf&id=1216&modo=attachment"
1102,2020,"06/08/2020",3,"https://www.rosario.gob.ar/normativa/ver/documento.do?accion=getPdf&id=1215&modo=attachment"
1101,2020,"05/08/2020",5,"https://www.rosario.gob.ar/normativa/ver/documento.do?accion=getPdf&id=1214&modo=attachment"
1100,2020,"03/08/2020",3,"https://www.rosario.gob.ar/normativa/ver/documento.do?accion=getPdf&id=1213&modo=attachment"
1099,2020,"31/07/2020",6,"https://www.rosario.gob.ar/normativa/ver/documento.do?accion=getPdf&id=1211&modo=attachment"
1098,2020,"28/07/2020",5,"https://www.rosario.gob.ar/normativa/ver/documento.do?accion=getPdf&id=1210&modo=attachment"
1097,2020,"23/07/2020",2,"https://www.rosario.gob.ar/normativa/ver/documento.do?accion=getPdf&id=1208&modo=attachment"
1096,2020,"21/07/2020",6,"https://www.rosario.gob.ar/normativa/ver/documento.do?accion=getPdf&id=1207&modo=attachment"
1095,2020,"17/07/2020",5,"https://www.rosario.gob.ar/normativa/ver/documento.do?accion=getPdf&id=1205&modo=attachment"
1094,2020,"14/07/2020",1,"https://www.rosario.gob.ar/normativa/ver/documento.do?accion=getPdf&id=1204&modo=attachment"
1093,2020,"08/07/2020",11,"https://www.rosario.gob.ar/normativa/ver/documento.do?accion=getPdf&id=1203&modo=attachment"
1092,2020,"30/06/2020",6,"https://www.rosario.gob.ar/normativa/ver/documento.do?accion=getPdf&id=1201&modo=attachment"
1091,2020,"29/06/2020",1,"https://www.rosario.gob.ar/normativa/ver/documento.do?accion=getPdf&id=1200&modo=attachment"
1090,2020,"25/06/2020",1,"https://www.rosario.gob.ar/normativa/ver/documento.do?accion=getPdf&id=1199&modo=attachment"
1089,2020,"23/06/2020",10,"https://www.rosario.gob.ar/normativa/ver/documento.do?accion=getPdf&id=1198&modo=attachment"
1088,2020,"18/06/2020",2,"https://www.rosario.gob.ar/normativa/ver/documento.do?accion=getPdf&id=1196&modo=attachment"
1087,2020,"17/06/2020",2,"https://www.rosario.gob.ar/normativa/ver/documento.do?accion=getPdf&id=1195&modo=attachment"
1086,2020,"11/06/2020",1,"https://www.rosario.gob.ar/normativa/ver/documento.do?accion=getPdf&id=1194&modo=attachment"
1085,2020,"09/06/2020",4,"https://www.rosario.gob.ar/normativa/ver/documento.do?accion=getPdf&id=1193&modo=attachment"
1084,2020,"02/06/2020",2,"https://www.rosario.gob.ar/normativa/ver/documento.do?accion=getPdf&id=1192&modo=attachment"
1083,2020,"01/06/2020",5,"https://www.rosario.gob.ar/normativa/ver/documento.do?accion=getPdf&id=1191&modo=attachment"
1082,2020,"19/05/2020",1,"https://www.rosario.gob.ar/normativa/ver/documento.do?accion=getPdf&id=1190&modo=attachment"
1081,2020,"14/05/2020",3,"https://www.rosario.gob.ar/normativa/ver/documento.do?accion=getPdf&id=1189&modo=attachment"
1080,2020,"08/05/2020",2,"https://www.rosario.gob.ar/normativa/ver/documento.do?accion=getPdf&id=1188&modo=attachment"
1079,2020,"06/05/2020",2,"https://www.rosario.gob.ar/normativa/ver/documento.do?accion=getPdf&id=1187&modo=attachment"
1078,2020,"30/04/2020",3,"https://www.rosario.gob.ar/normativa/ver/documento.do?accion=getPdf&id=1186&modo=attachment"
1077,2020,"27/04/2020",6,"https://www.rosario.gob.ar/normativa/ver/documento.do?accion=getPdf&id=1185&modo=attachment"
1076,2020,"24/04/2020",1,"https://www.rosario.gob.ar/normativa/ver/documento.do?accion=getPdf&id=1184&modo=attachment"
1075,2020,"22/04/2020",3,"https://www.rosario.gob.ar/normativa/ver/documento.do?accion=getPdf&id=1183&modo=attachment"
1074,2020,"16/04/2020",1,"https://www.rosario.gob.ar/normativa/ver/documento.do?accion=getPdf&id=1182&modo=attachment"
1073,2020,"14/04/2020",1,"https://www.rosario.gob.ar/normativa/ver/documento.do?accion=getPdf&id=1181&modo=attachment"
1072,2020,"13/04/2020",3,"https://www.rosario.gob.ar/normativa/ver/documento.do?accion=getPdf&id=1180&modo=attachment"
1071,2020,"06/04/2020",3,"https://www.rosario.gob.ar/normativa/ver/documento.do?accion=getPdf&id=1179&modo=attachment"
1070,2020,"01/04/2020",7,"https://www.rosario.gob.ar/normativa/ver/documento.do?accion=getPdf&id=1178&modo=attachment"
1069,2020,"20/03/2020",8,"https://www.rosario.gob.ar/normativa/ver/documento.do?accion=getPdf&id=1177&modo=attachment"
1068,2020,"13/03/2020",2,"https://www.rosario.gob.ar/normativa/ver/documento.do?accion=getPdf&id=1175&modo=attachment"
1067,2020,"10/03/2020",1,"https://www.rosario.gob.ar/normativa/ver/documento.do?accion=getPdf&id=1173&modo=attachment"
1066,2020,"05/03/2020",1,"https://www.rosario.gob.ar/normativa/ver/documento.do?accion=getPdf&id=1172&modo=attachment"
1065,2020,"04/03/2020",1,"https://www.rosario.gob.ar/normativa/ver/documento.do?accion=getPdf&id=1171&modo=attachment"
1064,2020,"28/02/2020",6,"https://www.rosario.gob.ar/normativa/ver/documento.do?accion=getPdf&id=1169&modo=attachment"
1063,2020,"21/02/2020",1,"https://www.rosario.gob.ar/normativa/ver/documento.do?accion=getPdf&id=1166&modo=attachment"
1062,2020,"14/02/2020",1,"https://www.rosario.gob.ar/normativa/ver/documento.do?accion=getPdf&id=1165&modo=attachment"
1061,2020,"13/02/2020",3,"https://www.rosario.gob.ar/normativa/ver/documento.do?accion=getPdf&id=1164&modo=attachment"
1060,2020,"10/02/2020",2,"https://www.rosario.gob.ar/normativa/ver/documento.do?accion=getPdf&id=1163&modo=attachment"
1059,2020,"31/01/2020",2,"https://www.rosario.gob.ar/normativa/ver/documento.do?accion=getPdf&id=1160&modo=attachment"
1058,2020,"30/01/2020",1,"https://www.rosario.gob.ar/normativa/ver/documento.do?accion=getPdf&id=1159&modo=attachment"
1057,2020,"27/01/2020",2,"https://www.rosario.gob.ar/normativa/ver/documento.do?accion=getPdf&id=1158&modo=attachment"
1056,2020,"24/01/2020",3,"https://www.rosario.gob.ar/normativa/ver/documento.do?accion=getPdf&id=1157&modo=attachment"
1055,2020,"21/01/2020",1,"https://www.rosario.gob.ar/normativa/ver/documento.do?accion=getPdf&id=1155&modo=attachment"
1054,2020,"17/01/2020",2,"https://www.rosario.gob.ar/normativa/ver/documento.do?accion=getPdf&id=1154&modo=attachment"
1053,2020,"16/01/2020",2,"https://www.rosario.gob.ar/normativa/ver/documento.do?accion=getPdf&id=1153&modo=attachment"
1052,2020,"14/01/2020",3,"https://www.rosario.gob.ar/normativa/ver/documento.do?accion=getPdf&id=1152&modo=attachment"
1051,2020,"08/01/2020",9,"https://www.rosario.gob.ar/normativa/ver/documento.do?accion=getPdf&id=1151&modo=attachment"
1050,2020,"02/01/2020",5,"https://www.rosario.gob.ar/normativa/ver/documento.do?accion=getPdf&id=1148&modo=attachment"
1049,2019,"30/12/2019",3,"https://www.rosario.gob.ar/normativa/ver/documento.do?accion=getPdf&id=1146&modo=attachment"
1048,2019,"23/12/2019",1,"https://www.rosario.gob.ar/normativa/ver/documento.do?accion=getPdf&id=1145&modo=attachment"
1047,2019,"20/12/2019",11,"https://www.rosario.gob.ar/normativa/ver/documento.do?accion=getPdf&id=1143&modo=attachment"
1046,2019,"18/12/2019",10,"https://www.rosario.gob.ar/normativa/ver/documento.do?accion=getPdf&id=1142&modo=attachment"
1045,2019,"11/12/2019",50,"https://www.rosario.gob.ar/normativa/ver/documento.do?accion=getPdf&id=1140&modo=attachment"
1044,2019,"10/12/2019",45,"https://www.rosario.gob.ar/normativa/ver/documento.do?accion=getPdf&id=1139&modo=attachment"
1043,2019,"09/12/2019",2,"https://www.rosario.gob.ar/normativa/ver/documento.do?accion=getPdf&id=1138&modo=attachment"
1042,2019,"04/12/2019",5,"https://www.rosario.gob.ar/normativa/ver/documento.do?accion=getPdf&id=1137&modo=attachment"
1041,2019,"02/12/2019",1,"https://www.rosario.gob.ar/normativa/ver/documento.do?accion=getPdf&id=1136&modo=attachment"
1040,2019,"27/11/2019",3,"https://www.rosario.gob.ar/normativa/ver/documento.do?accion=getPdf&id=1135&modo=attachment"
1039,2019,"20/11/2019",2,"https://www.rosario.gob.ar/normativa/ver/documento.do?accion=getPdf&id=1134&modo=attachment"
1038,2019,"15/11/2019",2,"https://www.rosario.gob.ar/normativa/ver/documento.do?accion=getPdf&id=1133&modo=attachment"
1037,2019,"11/11/2019",3,"https://www.rosario.gob.ar/normativa/ver/documento.do?accion=getPdf&id=1132&modo=attachment"
1036,2019,"07/11/2019",2,"https://www.rosario.gob.ar/normativa/ver/documento.do?accion=getPdf&id=1131&modo=attachment"
1035,2019,"04/11/2019",2,"https://www.rosario.gob.ar/normativa/ver/documento.do?accion=getPdf&id=1130&modo=attachment"
1034,2019,"01/11/2019",3,"https://www.rosario.gob.ar/normativa/ver/documento.do?accion=getPdf&id=1129&modo=attachment"
1033,2019,"29/10/2019",4,"https://www.rosario.gob.ar/normativa/ver/documento.do?accion=getPdf&id=1128&modo=attachment"
1032,2019,"24/10/2019",3,"https://www.rosario.gob.ar/normativa/ver/documento.do?accion=getPdf&id=1127&modo=attachment"
1031,2019,"23/10/2019",3,"https://www.rosario.gob.ar/normativa/ver/documento.do?accion=getPdf&id=1126&modo=attachment"
1030,2019,"22/10/2019",5,"https://www.rosario.gob.ar/normativa/ver/documento.do?accion=getPdf&id=1125&modo=attachment"
1029,2019,"16/10/2019",6,"https://www.rosario.gob.ar/normativa/ver/documento.do?accion=getPdf&id=1124&modo=attachment"
1028,2019,"10/10/2019",1,"https://www.rosario.gob.ar/normativa/ver/documento.do?accion=getPdf&id=1123&modo=attachment"
1027,2019,"09/10/2019",2,"https://www.rosario.gob.ar/normativa/ver/documento.do?accion=getPdf&id=1122&modo=attachment"
1026,2019,"08/10/2019",1,"https://www.rosario.gob.ar/normativa/ver/documento.do?accion=getPdf&id=1121&modo=attachment"
1025,2019,"03/10/2019",7,"https://www.rosario.gob.ar/normativa/ver/documento.do?accion=getPdf&id=1120&modo=attachment"
1024,2019,"30/09/2019",1,"https://www.rosario.gob.ar/normativa/ver/documento.do?accion=getPdf&id=1118&modo=attachment"
1023,2019,"26/09/2019",1,"https://www.rosario.gob.ar/normativa/ver/documento.do?accion=getPdf&id=1117&modo=attachment"
1022,2019,"25/09/2019",2,"https://www.rosario.gob.ar/normativa/ver/documento.do?accion=getPdf&id=1116&modo=attachment"
1021,2019,"23/09/2019",4,"https://www.rosario.gob.ar/normativa/ver/documento.do?accion=getPdf&id=1115&modo=attachment"
1020,2019,"19/09/2019",1,"https://www.rosario.gob.ar/normativa/ver/documento.do?accion=getPdf&id=1112&modo=attachment"
1019,2019,"16/09/2019",7,"https://www.rosario.gob.ar/normativa/ver/documento.do?accion=getPdf&id=1111&modo=attachment"
1018,2019,"09/09/2019",5,"https://www.rosario.gob.ar/normativa/ver/documento.do?accion=getPdf&id=1110&modo=attachment"
1017,2019,"30/08/2019",2,"https://www.rosario.gob.ar/normativa/ver/documento.do?accion=getPdf&id=1108&modo=attachment"
1016,2019,"29/08/2019",2,"https://www.rosario.gob.ar/normativa/ver/documento.do?accion=getPdf&id=1107&modo=attachment"
1015,2019,"26/08/2019",6,"https://www.rosario.gob.ar/normativa/ver/documento.do?accion=getPdf&id=1106&modo=attachment"
1014,2019,"20/08/2019",3,"https://www.rosario.gob.ar/normativa/ver/documento.do?accion=getPdf&id=1105&modo=attachment"
1013,2019,"13/08/2019",1,"https://www.rosario.gob.ar/normativa/ver/documento.do?accion=getPdf&id=1104&modo=attachment"
1012,2019,"08/08/2019",5,"https://www.rosario.gob.ar/normativa/ver/documento.do?accion=getPdf&id=1103&modo=attachment"
1011,2019,"05/08/2019",2,"https://www.rosario.gob.ar/normativa/ver/documento.do?accion=getPdf&id=1101&modo=attachment"
1010,2019,"02/08/2019",1,"https://www.rosario.gob.ar/normativa/ver/documento.do?accion=getPdf&id=1100&modo=attachment"
1009,2019,"01/08/2019",1,"https://www.rosario.gob.ar/normativa/ver/documento.do?accion=getPdf&id=1099&modo=attachment"
1008,2019,"31/07/2019",3,"https://www.rosario.gob.ar/normativa/ver/documento.do?accion=getPdf&id=1098&modo=attachment"
1007,2019,"30/07/2019",1,"https://www.rosario.gob.ar/normativa/ver/documento.do?accion=getPdf&id=1097&modo=attachment"
1006,2019,"26/07/2019",3,"https://www.rosario.gob.ar/normativa/ver/documento.do?accion=getPdf&id=1096&modo=attachment"
1005,2019,"24/07/2019",1,"https://www.rosario.gob.ar/normativa/ver/documento.do?accion=getPdf&id=1095&modo=attachment"
1004,2019,"19/07/2019",1,"https://www.rosario.gob.ar/normativa/ver/documento.do?accion=getPdf&id=1094&modo=attachment"
1003,2019,"17/07/2019",2,"https://www.rosario.gob.ar/normativa/ver/documento.do?accion=getPdf&id=1093&modo=attachment"
1002,2019,"16/07/2019",2,"https://www.rosario.gob.ar/normativa/ver/documento.do?accion=getPdf&id=1092&modo=attachment"
1001,2019,"15/07/2019",2,"https://www.rosario.gob.ar/normativa/ver/documento.do?accion=getPdf&id=1091&modo=attachment"
1000,2019,"10/07/2019",1,"https://www.rosario.gob.ar/normativa/ver/documento.do?accion=getPdf&id=1090&modo=attachment"
999,2019,"04/07/2019",1,"https://www.rosario.gob.ar/normativa/ver/documento.do?accion=getPdf&id=1089&modo=attachment"
998,2019,"03/07/2019",1,"https://www.rosario.gob.ar/normativa/ver/documento.do?accion=getPdf&id=1088&modo=attachment"
997,2019,"02/07/2019",4,"https://www.rosario.gob.ar/normativa/ver/documento.do?accion=getPdf&id=1087&modo=attachment"
996,2019,"28/06/2019",7,"https://www.rosario.gob.ar/normativa/ver/documento.do?accion=getPdf&id=1086&modo=attachment"
995,2019,"24/06/2019",3,"https://www.rosario.gob.ar/normativa/ver/documento.do?accion=getPdf&id=1084&modo=attachment"
994,2019,"19/06/2019",1,"https://www.rosario.gob.ar/normativa/ver/documento.do?accion=getPdf&id=1083&modo=attachment"
993,2019,"14/06/2019",5,"https://www.rosario.gob.ar/normativa/ver/documento.do?accion=getPdf&id=1082&modo=attachment"
992,2019,"12/06/2019",4,"https://www.rosario.gob.ar/normativa/ver/documento.do?accion=getPdf&id=1080&modo=attachment"
991,2019,"11/06/2019",2,"https://www.rosario.gob.ar/normativa/ver/documento.do?accion=getPdf&id=1079&modo=attachment"
990,2019,"10/06/2019",5,"https://www.rosario.gob.ar/normativa/ver/documento.do?accion=getPdf&id=1078&modo=attachment"
989,2019,"04/06/2019",4,"https://www.rosario.gob.ar/normativa/ver/documento.do?accion=getPdf&id=1075&modo=attachment"
988,2019,"03/06/2019",4,"https://www.rosario.gob.ar/normativa/ver/documento.do?accion=getPdf&id=1074&modo=attachment"
987,2019,"30/05/2019",1,"https://www.rosario.gob.ar/normativa/ver/documento.do?accion=getPdf&id=1073&modo=attachment"
986,2019,"24/05/2019",1,"https://www.rosario.gob.ar/normativa/ver/documento.do?accion=getPdf&id=1072&modo=attachment"
985,2019,"23/05/2019",1,"https://www.rosario.gob.ar/normativa/ver/documento.do?accion=getPdf&id=1071&modo=attachment"
984,2019,"22/05/2019",1,"https://www.rosario.gob.ar/normativa/ver/documento.do?accion=getPdf&id=1070&modo=attachment"
983,2019,"21/05/2019",3,"https://www.rosario.gob.ar/normativa/ver/documento.do?accion=getPdf&id=1069&modo=attachment"
982,2019,"17/05/2019",2,"https://www.rosario.gob.ar/normativa/ver/documento.do?accion=getPdf&id=1068&modo=attachment"
981,2019,"16/05/2019",2,"https://www.rosario.gob.ar/normativa/ver/documento.do?accion=getPdf&id=1067&modo=attachment"
980,2019,"14/05/2019",2,"https://www.rosario.gob.ar/normativa/ver/documento.do?accion=getPdf&id=1064&modo=attachment"
979,2019,"13/05/2019",3,"https://www.rosario.gob.ar/normativa/ver/documento.do?accion=getPdf&id=1063&modo=attachment"
978,2019,"09/05/2019",1,"https://www.rosario.gob.ar/normativa/ver/documento.do?accion=getPdf&id=1062&modo=attachment"
977,2019,"03/05/2019",5,"https://www.rosario.gob.ar/normativa/ver/documento.do?accion=getPdf&id=1061&modo=attachment"
976,2019,"29/04/2019",7,"https://www.rosario.gob.ar/normativa/ver/documento.do?accion=getPdf&id=1059&modo=attachment"
975,2019,"25/04/2019",1,"https://www.rosario.gob.ar/normativa/ver/documento.do?accion=getPdf&id=1058&modo=attachment"
974,2019,"24/04/2019",3,"https://www.rosario.gob.ar/normativa/ver/documento.do?accion=getPdf&id=1057&modo=attachment"
973,2019,"23/04/2019",2,"https://www.rosario.gob.ar/normativa/ver/documento.do?accion=getPdf&id=1056&modo=attachment"
972,2019,"22/04/2019",2,"https://www.rosario.gob.ar/normativa/ver/documento.do?accion=getPdf&id=1055&modo=attachment"
971,2019,"17/04/2019",1,"https://www.rosario.gob.ar/normativa/ver/documento.do?accion=getPdf&id=1054&modo=attachment"
970,2019,"16/04/2019",2,"https://www.rosario.gob.ar/normativa/ver/documento.do?accion=getPdf&id=1053&modo=attachment"
969,2019,"10/04/2019",2,"https://www.rosario.gob.ar/normativa/ver/documento.do?accion=getPdf&id=1052&modo=attachment"
968,2019,"09/04/2019",4,"https://www.rosario.gob.ar/normativa/ver/documento.do?accion=getPdf&id=1051&modo=attachment"
967,2019,"05/04/2019",1,"https://www.rosario.gob.ar/normativa/ver/documento.do?accion=getPdf&id=1048&modo=attachment"
966,2019,"03/04/2019",5,"https://www.rosario.gob.ar/normativa/ver/documento.do?accion=getPdf&id=1047&modo=attachment"
965,2019,"29/03/2019",4,"https://www.rosario.gob.ar/normativa/ver/documento.do?accion=getPdf&id=1046&modo=attachment"
964,2019,"26/03/2019",1,"https://www.rosario.gob.ar/normativa/ver/documento.do?accion=getPdf&id=1045&modo=attachment"
963,2019,"21/03/2019",3,"https://www.rosario.gob.ar/normativa/ver/documento.do?accion=getPdf&id=1044&modo=attachment"
962,2019,"19/03/2019",4,"https://www.rosario.gob.ar/normativa/ver/documento.do?accion=getPdf&id=1043&modo=attachment"
961,2019,"18/03/2019",1,"https://www.rosario.gob.ar/normativa/ver/documento.do?accion=getPdf&id=1042&modo=attachment"
960,2019,"11/03/2019",1,"https://www.rosario.gob.ar/normativa/ver/documento.do?accion=getPdf&id=1039&modo=attachment"
959,2019,"07/03/2019",1,"https://www.rosario.gob.ar/normativa/ver/documento.do?accion=getPdf&id=1038&modo=attachment"
958,2019,"06/03/2019",5,"https://www.rosario.gob.ar/normativa/ver/documento.do?accion=getPdf&id=1037&modo=attachment"
957,2019,"27/02/2019",1,"https://www.rosario.gob.ar/normativa/ver/documento.do?accion=getPdf&id=1036&modo=attachment"
956,2019,"26/02/2019",1,"https://www.rosario.gob.ar/normativa/ver/documento.do?accion=getPdf&id=1035&modo=attachment"
955,2019,"22/02/2019",6,"https://www.rosario.gob.ar/normativa/ver/documento.do?accion=getPdf&id=1034&modo=attachment"
954,2019,"21/02/2019",6,"https://www.rosario.gob.ar/normativa/ver/documento.do?accion=getPdf&id=1033&modo=attachment"
953,2019,"20/02/2019",5,"https://www.rosario.gob.ar/normativa/ver/documento.do?accion=getPdf&id=1032&modo=attachment"
952,2019,"12/02/2019",1,"https://www.rosario.gob.ar/normativa/ver/documento.do?accion=getPdf&id=1026&modo=attachment"
951,2019,"11/02/2019",3,"https://www.rosario.gob.ar/normativa/ver/documento.do?accion=getPdf&id=1025&modo=attachment"
950,2019,"08/02/2019",1,"https://www.rosario.gob.ar/normativa/ver/documento.do?accion=getPdf&id=1024&modo=attachment"
949,2019,"07/02/2019",3,"https://www.rosario.gob.ar/normativa/ver/documento.do?accion=getPdf&id=1023&modo=attachment"
948,2019,"06/02/2019",2,"https://www.rosario.gob.ar/normativa/ver/documento.do?accion=getPdf&id=1022&modo=attachment"
947,2019,"05/02/2019",2,"https://www.rosario.gob.ar/normativa/ver/documento.do?accion=getPdf&id=1021&modo=attachment"
946,2019,"01/02/2019",2,"https://www.rosario.gob.ar/normativa/ver/documento.do?accion=getPdf&id=1020&modo=attachment"
945,2019,"31/01/2019",4,"https://www.rosario.gob.ar/normativa/ver/documento.do?accion=getPdf&id=1019&modo=attachment"
944,2019,"28/01/2019",6,"https://www.rosario.gob.ar/normativa/ver/documento.do?accion=getPdf&id=1017&modo=attachment"
943,2019,"24/01/2019",2,"https://www.rosario.gob.ar/normativa/ver/documento.do?accion=getPdf&id=1016&modo=attachment"
942,2019,"23/01/2019",4,"https://www.rosario.gob.ar/normativa/ver/documento.do?accion=getPdf&id=1014&modo=attachment"
941,2019,"17/01/2019",1,"https://www.rosario.gob.ar/normativa/ver/documento.do?accion=getPdf&id=1013&modo=attachment"
940,2019,"16/01/2019",8,"https://www.rosario.gob.ar/normativa/ver/documento.do?accion=getPdf&id=1012&modo=attachment"
939,2019,"15/01/2019",3,"https://www.rosario.gob.ar/normativa/ver/documento.do?accion=getPdf&id=1011&modo=attachment"
938,2019,"14/01/2019",3,"https://www.rosario.gob.ar/normativa/ver/documento.do?accion=getPdf&id=1010&modo=attachment"
937,2019,"11/01/2019",6,"https://www.rosario.gob.ar/normativa/ver/documento.do?accion=getPdf&id=1008&modo=attachment"
936,2019,"09/01/2019",11,"https://www.rosario.gob.ar/normativa/ver/documento.do?accion=getPdf&id=1007&modo=attachment"
935,2019,"07/01/2019",3,"https://www.rosario.gob.ar/normativa/ver/documento.do?accion=getPdf&id=1005&modo=attachment"
934,2019,"04/01/2019",9,"https://www.rosario.gob.ar/normativa/ver/documento.do?accion=getPdf&id=1004&modo=attachment"
933,2019,"02/01/2019",2,"https://www.rosario.gob.ar/normativa/ver/documento.do?accion=getPdf&id=1003&modo=attachment"
932,2018,"21/12/2018",6,"https://www.rosario.gob.ar/normativa/ver/documento.do?accion=getPdf&id=1002&modo=attachment"
931,2018,"20/12/2018",5,"https://www.rosario.gob.ar/normativa/ver/documento.do?accion=getPdf&id=1001&modo=attachment"
930,2018,"19/12/2018",3,"https://www.rosario.gob.ar/normativa/ver/documento.do?accion=getPdf&id=1000&modo=attachment"
929,2018,"18/12/2018",5,"https://www.rosario.gob.ar/normativa/ver/documento.do?accion=getPdf&id=999&modo=attachment"
928,2018,"14/12/2018",5,"https://www.rosario.gob.ar/normativa/ver/documento.do?accion=getPdf&id=998&modo=attachment"
927,2018,"13/12/2018",4,"https://www.rosario.gob.ar/normativa/ver/documento.do?accion=getPdf&id=997&modo=attachment"
926,2018,"11/12/2018",3,"https://www.rosario.gob.ar/normativa/ver/documento.do?accion=getPdf&id=995&modo=attachment"
925,2018,"10/12/2018",2,"https://www.rosario.gob.ar/normativa/ver/documento.do?accion=getPdf&id=994&modo=attachment"
924,2018,"06/12/2018",2,"https://www.rosario.gob.ar/normativa/ver/documento.do?accion=getPdf&id=993&modo=attachment"
923,2018,"05/12/2018",5,"https://www.rosario.gob.ar/normativa/ver/documento.do?accion=getPdf&id=992&modo=attachment"
922,2018,"03/12/2018",1,"https://www.rosario.gob.ar/normativa/ver/documento.do?accion=getPdf&id=990&modo=attachment"
921,2018,"30/11/2018",3,"https://www.rosario.gob.ar/normativa/ver/documento.do?accion=getPdf&id=989&modo=attachment"
920,2018,"28/11/2018",2,"https://www.rosario.gob.ar/normativa/ver/documento.do?accion=getPdf&id=988&modo=attachment"
919,2018,"27/11/2018",3,"https://www.rosario.gob.ar/normativa/ver/documento.do?accion=getPdf&id=987&modo=attachment"
918,2018,"23/11/2018",8,"https://www.rosario.gob.ar/normativa/ver/documento.do?accion=getPdf&id=986&modo=attachment"
917,2018,"22/11/2018",3,"https://www.rosario.gob.ar/normativa/ver/documento.do?accion=getPdf&id=984&modo=attachment"
916,2018,"14/11/2018",6,"https://www.rosario.gob.ar/normativa/ver/documento.do?accion=getPdf&id=982&modo=attachment"
915,2018,"08/11/2018",4,"https://www.rosario.gob.ar/normativa/ver/documento.do?accion=getPdf&id=981&modo=attachment"
914,2018,"07/11/2018",2,"https://www.rosario.gob.ar/normativa/ver/documento.do?accion=getPdf&id=980&modo=attachment"
913,2018,"06/11/2018",5,"https://www.rosario.gob.ar/normativa/ver/documento.do?accion=getPdf&id=979&modo=attachment"
912,2018,"01/11/2018",2,"https://www.rosario.gob.ar/normativa/ver/documento.do?accion=getPdf&id=978&modo=attachment"
911,2018,"30/10/2018",4,"https://www.rosario.gob.ar/normativa/ver/documento.do?accion=getPdf&id=976&modo=attachment"
910,2018,"29/10/2018",2,"https://www.rosario.gob.ar/normativa/ver/documento.do?accion=getPdf&id=975&modo=attachment"
909,2018,"26/10/2018",1,"https://www.rosario.gob.ar/normativa/ver/documento.do?accion=getPdf&id=974&modo=attachment"
908,2018,"24/10/2018",5,"https://www.rosario.gob.ar/normativa/ver/documento.do?accion=getPdf&id=973&modo=attachment"
907,2018,"23/10/2018",1,"https://www.rosario.gob.ar/normativa/ver/documento.do?accion=getPdf&id=972&modo=attachment"
906,2018,"22/10/2018",3,"https://www.rosario.gob.ar/normativa/ver/documento.do?accion=getPdf&id=971&modo=attachment"
905,2018,"19/10/2018",5,"https://www.rosario.gob.ar/normativa/ver/documento.do?accion=getPdf&id=970&modo=attachment"
904,2018,"18/10/2018",5,"https://www.rosario.gob.ar/normativa/ver/documento.do?accion=getPdf&id=969&modo=attachment"
903,2018,"16/10/2018",5,"https://www.rosario.gob.ar/normativa/ver/documento.do?accion=getPdf&id=968&modo=attachment"
902,2018,"11/10/2018",9,"https://www.rosario.gob.ar/normativa/ver/documento.do?accion=getPdf&id=967&modo=attachment"
901,2018,"08/10/2018",1,"https://www.rosario.gob.ar/normativa/ver/documento.do?accion=getPdf&id=964&modo=attachment"
900,2018,"05/10/2018",2,"https://www.rosario.gob.ar/normativa/ver/documento.do?accion=getPdf&id=963&modo=attachment"
899,2018,"04/10/2018",1,"https://www.rosario.gob.ar/normativa/ver/documento.do?accion=getPdf&id=962&modo=attachment"
898,2018,"03/10/2018",2,"https://www.rosario.gob.ar/normativa/ver/documento.do?accion=getPdf&id=961&modo=attachment"
897,2018,"02/10/2018",1,"https://www.rosario.gob.ar/normativa/ver/documento.do?accion=getPdf&id=960&modo=attachment"
896,2018,"01/10/2018",1,"https://www.rosario.gob.ar/normativa/ver/documento.do?accion=getPdf&id=959&modo=attachment"
895,2018,"28/09/2018",4,"https://www.rosario.gob.ar/normativa/ver/documento.do?accion=getPdf&id=958&modo=attachment"
894,2018,"27/09/2018",1,"https://www.rosario.gob.ar/normativa/ver/documento.do?accion=getPdf&id=957&modo=attachment"
893,2018,"26/09/2018",10,"https://www.rosario.gob.ar/normativa/ver/documento.do?accion=getPdf&id=956&modo=attachment"
892,2018,"17/09/2018",2,"https://www.rosario.gob.ar/normativa/ver/documento.do?accion=getPdf&id=953&modo=attachment"
891,2018,"14/09/2018",3,"https://www.rosario.gob.ar/normativa/ver/documento.do?accion=getPdf&id=952&modo=attachment"
890,2018,"11/09/2018",4,"https://www.rosario.gob.ar/normativa/ver/documento.do?accion=getPdf&id=951&modo=attachment"
889,2018,"10/09/2018",3,"https://www.rosario.gob.ar/normativa/ver/documento.do?accion=getPdf&id=950&modo=attachment"
888,2018,"31/08/2018",1,"https://www.rosario.gob.ar/normativa/ver/documento.do?accion=getPdf&id=949&modo=attachment"
887,2018,"29/08/2018",2,"https://www.rosario.gob.ar/normativa/ver/documento.do?accion=getPdf&id=948&modo=attachment"
886,2018,"27/08/2018",10,"https://www.rosario.gob.ar/normativa/ver/documento.do?accion=getPdf&id=947&modo=attachment"
885,2018,"23/08/2018",3,"https://www.rosario.gob.ar/normativa/ver/documento.do?accion=getPdf&id=946&modo=attachment"
884,2018,"21/08/2018",3,"https://www.rosario.gob.ar/normativa/ver/documento.do?accion=getPdf&id=945&modo=attachment"
883,2018,"17/08/2018",2,"https://www.rosario.gob.ar/normativa/ver/documento.do?accion=getPdf&id=944&modo=attachment"
882,2018,"16/08/2018",7,"https://www.rosario.gob.ar/normativa/ver/documento.do?accion=getPdf&id=943&modo=attachment"
881,2018,"15/08/2018",4,"https://www.rosario.gob.ar/normativa/ver/documento.do?accion=getPdf&id=942&modo=attachment"
880,2018,"10/08/2018",6,"https://www.rosario.gob.ar/normativa/ver/documento.do?accion=getPdf&id=941&modo=attachment"
879,2018,"09/08/2018",1,"https://www.rosario.gob.ar/normativa/ver/documento.do?accion=getPdf&id=940&modo=attachment"
878,2018,"07/08/2018",1,"https://www.rosario.gob.ar/normativa/ver/documento.do?accion=getPdf&id=939&modo=attachment"
877,2018,"02/08/2018",2,"https://www.rosario.gob.ar/normativa/ver/documento.do?accion=getPdf&id=938&modo=attachment"
876,2018,"01/08/2018",3,"https://www.rosario.gob.ar/normativa/ver/documento.do?accion=getPdf&id=937&modo=attachment"
875,2018,"31/07/2018",1,"https://www.rosario.gob.ar/normativa/ver/documento.do?accion=getPdf&id=936&modo=attachment"
874,2018,"30/07/2018",3,"https://www.rosario.gob.ar/normativa/ver/documento.do?accion=getPdf&id=935&modo=attachment"
873,2018,"27/07/2018",2,"https://www.rosario.gob.ar/normativa/ver/documento.do?accion=getPdf&id=934&modo=attachment"
872,2018,"26/07/2018",2,"https://www.rosario.gob.ar/normativa/ver/documento.do?accion=getPdf&id=933&modo=attachment"
871,2018,"25/07/2018",3,"https://www.rosario.gob.ar/normativa/ver/documento.do?accion=getPdf&id=932&modo=attachment"
870,2018,"24/07/2018",3,"https://www.rosario.gob.ar/normativa/ver/documento.do?accion=getPdf&id=931&modo=attachment"
869,2018,"23/07/2018",3,"https://www.rosario.gob.ar/normativa/ver/documento.do?accion=getPdf&id=930&modo=attachment"
868,2018,"20/07/2018",3,"https://www.rosario.gob.ar/normativa/ver/documento.do?accion=getPdf&id=929&modo=attachment"
867,2018,"19/07/2018",3,"https://www.rosario.gob.ar/normativa/ver/documento.do?accion=getPdf&id=928&modo=attachment"
866,2018,"17/07/2018",2,"https://www.rosario.gob.ar/normativa/ver/documento.do?accion=getPdf&id=927&modo=attachment"
865,2018,"13/07/2018",8,"https://www.rosario.gob.ar/normativa/ver/documento.do?accion=getPdf&id=926&modo=attachment"
864,2018,"06/07/2018",2,"https://www.rosario.gob.ar/normativa/ver/documento.do?accion=getPdf&id=925&modo=attachment"
863,2018,"04/07/2018",4,"https://www.rosario.gob.ar/normativa/ver/documento.do?accion=getPdf&id=924&modo=attachment"
862,2018,"03/07/2018",5,"https://www.rosario.gob.ar/normativa/ver/documento.do?accion=getPdf&id=923&modo=attachment"
861,2018,"29/06/2018",2,"https://www.rosario.gob.ar/normativa/ver/documento.do?accion=getPdf&id=922&modo=attachment"
860,2018,"26/06/2018",3,"https://www.rosario.gob.ar/normativa/ver/documento.do?accion=getPdf&id=921&modo=attachment"
859,2018,"19/06/2018",2,"https://www.rosario.gob.ar/normativa/ver/documento.do?accion=getPdf&id=920&modo=attachment"
858,2018,"14/06/2018",4,"https://www.rosario.gob.ar/normativa/ver/documento.do?accion=getPdf&id=919&modo=attachment"
857,2018,"12/06/2018",6,"https://www.rosario.gob.ar/normativa/ver/documento.do?accion=getPdf&id=918&modo=attachment"
856,2018,"11/06/2018",3,"https://www.rosario.gob.ar/normativa/ver/documento.do?accion=getPdf&id=917&modo=attachment"
855,2018,"05/06/2018",1,"https://www.rosario.gob.ar/normativa/ver/documento.do?accion=getPdf&id=916&modo=attachment"
854,2018,"04/06/2018",1,"https://www.rosario.gob.ar/normativa/ver/documento.do?accion=getPdf&id=915&modo=attachment"
853,2018,"01/06/2018",2,"https://www.rosario.gob.ar/normativa/ver/documento.do?accion=getPdf&id=914&modo=attachment"
852,2018,"30/05/2018",2,"https://www.rosario.gob.ar/normativa/ver/documento.do?accion=getPdf&id=912&modo=attachment"
851,2018,"24/05/2018",10,"https://www.rosario.gob.ar/normativa/ver/documento.do?accion=getPdf&id=911&modo=attachment"
850,2018,"23/05/2018",3,"https://www.rosario.gob.ar/normativa/ver/documento.do?accion=getPdf&id=910&modo=attachment"
849,2018,"21/05/2018",1,"https://www.rosario.gob.ar/normativa/ver/documento.do?accion=getPdf&id=909&modo=attachment"
848,2018,"16/05/2018",2,"https://www.rosario.gob.ar/normativa/ver/documento.do?accion=getPdf&id=908&modo=attachment"
847,2018,"11/05/2018",2,"https://www.rosario.gob.ar/normativa/ver/documento.do?accion=getPdf&id=907&modo=attachment"
846,2018,"10/05/2018",4,"https://www.rosario.gob.ar/normativa/ver/documento.do?accion=getPdf&id=906&modo=attachment"
845,2018,"08/05/2018",2,"https://www.rosario.gob.ar/normativa/ver/documento.do?accion=getPdf&id=904&modo=attachment"
844,2018,"04/05/2018",10,"https://www.rosario.gob.ar/normativa/ver/documento.do?accion=getPdf&id=903&modo=attachment"
843,2018,"27/04/2018",6,"https://www.rosario.gob.ar/normativa/ver/documento.do?accion=getPdf&id=902&modo=attachment"
842,2018,"25/04/2018",3,"https://www.rosario.gob.ar/normativa/ver/documento.do?accion=getPdf&id=900&modo=attachment"
841,2018,"20/04/2018",1,"https://www.rosario.gob.ar/normativa/ver/documento.do?accion=getPdf&id=899&modo=attachment"
840,2018,"17/04/2018",6,"https://www.rosario.gob.ar/normativa/ver/documento.do?accion=getPdf&id=898&modo=attachment"
839,2018,"13/04/2018",1,"https://www.rosario.gob.ar/normativa/ver/documento.do?accion=getPdf&id=897&modo=attachment"
838,2018,"11/04/2018",3,"https://www.rosario.gob.ar/normativa/ver/documento.do?accion=getPdf&id=896&modo=attachment"
837,2018,"06/04/2018",2,"https://www.rosario.gob.ar/normativa/ver/documento.do?accion=getPdf&id=895&modo=attachment"
836,2018,"05/04/2018",2,"https://www.rosario.gob.ar/normativa/ver/documento.do?accion=getPdf&id=894&modo=attachment"
835,2018,"28/03/2018",6,"https://www.rosario.gob.ar/normativa/ver/documento.do?accion=getPdf&id=893&modo=attachment"
834,2018,"26/03/2018",3,"https://www.rosario.gob.ar/normativa/ver/documento.do?accion=getPdf&id=892&modo=attachment"
833,2018,"21/03/2018",4,"https://www.rosario.gob.ar/normativa/ver/documento.do?accion=getPdf&id=891&modo=attachment"
832,2018,"20/03/2018",4,"https://www.rosario.gob.ar/normativa/ver/documento.do?accion=getPdf&id=890&modo=attachment"
831,2018,"16/03/2018",4,"https://www.rosario.gob.ar/normativa/ver/documento.do?accion=getPdf&id=888&modo=attachment"
830,2018,"13/03/2018",2,"https://www.rosario.gob.ar/normativa/ver/documento.do?accion=getPdf&id=887&modo=attachment"
829,2018,"07/03/2018",1,"https://www.rosario.gob.ar/normativa/ver/documento.do?accion=getPdf&id=886&modo=attachment"
828,2018,"05/03/2018",2,"https://www.rosario.gob.ar/normativa/ver/documento.do?accion=getPdf&id=885&modo=attachment"
827,2018,"27/02/2018",2,"https://www.rosario.gob.ar/normativa/ver/documento.do?accion=getPdf&id=884&modo=attachment"
826,2018,"26/02/2018",1,"https://www.rosario.gob.ar/normativa/ver/documento.do?accion=getPdf&id=883&modo=attachment"
825,2018,"21/02/2018",3,"https://www.rosario.gob.ar/normativa/ver/documento.do?accion=getPdf&id=882&modo=attachment"
824,2018,"19/02/2018",5,"https://www.rosario.gob.ar/normativa/ver/documento.do?accion=getPdf&id=881&modo=attachment"
823,2018,"09/02/2018",2,"https://www.rosario.gob.ar/normativa/ver/documento.do?accion=getPdf&id=878&modo=attachment"
822,2018,"07/02/2018",5,"https://www.rosario.gob.ar/normativa/ver/documento.do?accion=getPdf&id=877&modo=attachment"
821,2018,"01/02/2018",5,"https://www.rosario.gob.ar/normativa/ver/documento.do?accion=getPdf&id=876&modo=attachment"
820,2018,"31/01/2018",2,"https://www.rosario.gob.ar/normativa/ver/documento.do?accion=getPdf&id=875&modo=attachment"
819,2018,"26/01/2018",4,"https://www.rosario.gob.ar/normativa/ver/documento.do?accion=getPdf&id=874&modo=attachment"
818,2018,"23/01/2018",5,"https://www.rosario.gob.ar/normativa/ver/documento.do?accion=getPdf&id=873&modo=attachment"
817,2018,"18/01/2018",2,"https://www.rosario.gob.ar/normativa/ver/documento.do?accion=getPdf&id=872&modo=attachment"
816,2018,"17/01/2018",3,"https://www.rosario.gob.ar/normativa/ver/documento.do?accion=getPdf&id=871&modo=attachment"
815,2018,"16/01/2018",1,"https://www.rosario.gob.ar/normativa/ver/documento.do?accion=getPdf&id=870&modo=attachment"
814,2018,"12/01/2018",3,"https://www.rosario.gob.ar/normativa/ver/documento.do?accion=getPdf&id=869&modo=attachment"
813,2018,"10/01/2018",9,"https://www.rosario.gob.ar/normativa/ver/documento.do?accion=getPdf&id=868&modo=attachment"
812,2017,"29/12/2017",3,"https://www.rosario.gob.ar/normativa/ver/documento.do?accion=getPdf&id=867&modo=attachment"
811,2017,"28/12/2017",3,"https://www.rosario.gob.ar/normativa/ver/documento.do?accion=getPdf&id=865&modo=attachment"
810,2017,"27/12/2017",6,"https://www.rosario.gob.ar/normativa/ver/documento.do?accion=getPdf&id=864&modo=attachment"
809,2017,"26/12/2017",13,"https://www.rosario.gob.ar/normativa/ver/documento.do?accion=getPdf&id=863&modo=attachment"
808,2017,"22/12/2017",26,"https://www.rosario.gob.ar/normativa/ver/documento.do?accion=getPdf&id=862&modo=attachment"
807,2017,"12/12/2017",4,"https://www.rosario.gob.ar/normativa/ver/documento.do?accion=getPdf&id=861&modo=attachment"
806,2017,"29/11/2017",2,"https://www.rosario.gob.ar/normativa/ver/documento.do?accion=getPdf&id=858&modo=attachment"
805,2017,"28/11/2017",6,"https://www.rosario.gob.ar/normativa/ver/documento.do?accion=getPdf&id=857&modo=attachment"
804,2017,"24/11/2017",4,"https://www.rosario.gob.ar/normativa/ver/documento.do?accion=getPdf&id=856&modo=attachment"
803,2017,"21/11/2017",1,"https://www.rosario.gob.ar/normativa/ver/documento.do?accion=getPdf&id=855&modo=attachment"
802,2017,"15/11/2017",3,"https://www.rosario.gob.ar/normativa/ver/documento.do?accion=getPdf&id=854&modo=attachment"
801,2017,"09/11/2017",1,"https://www.rosario.gob.ar/normativa/ver/documento.do?accion=getPdf&id=853&modo=attachment"
800,2017,"07/11/2017",5,"https://www.rosario.gob.ar/normativa/ver/documento.do?accion=getPdf&id=851&modo=attachment"
799,2017,"01/11/2017",6,"https://www.rosario.gob.ar/normativa/ver/documento.do?accion=getPdf&id=850&modo=attachment"
798,2017,"24/10/2017",1,"https://www.rosario.gob.ar/normativa/ver/documento.do?accion=getPdf&id=849&modo=attachment"
797,2017,"19/10/2017",2,"https://www.rosario.gob.ar/normativa/ver/documento.do?accion=getPdf&id=848&modo=attachment"
796,2017,"13/10/2017",1,"https://www.rosario.gob.ar/normativa/ver/documento.do?accion=getPdf&id=847&modo=attachment"
795,2017,"12/10/2017",2,"https://www.rosario.gob.ar/normativa/ver/documento.do?accion=getPdf&id=846&modo=attachment"
794,2017,"10/10/2017",3,"https://www.rosario.gob.ar/normativa/ver/documento.do?accion=getPdf&id=845&modo=attachment"
793,2017,"29/09/2017",4,"https://www.rosario.gob.ar/normativa/ver/documento.do?accion=getPdf&id=844&modo=attachment"
792,2017,"26/09/2017",5,"https://www.rosario.gob.ar/normativa/ver/documento.do?accion=getPdf&id=842&modo=attachment"
791,2017,"21/09/2017",3,"https://www.rosario.gob.ar/normativa/ver/documento.do?accion=getPdf&id=841&modo=attachment"
790,2017,"19/09/2017",3,"https://www.rosario.gob.ar/normativa/ver/documento.do?accion=getPdf&id=840&modo=attachment"
789,2017,"15/09/2017",8,"https://www.rosario.gob.ar/normativa/ver/documento.do?accion=getPdf&id=839&modo=attachment"
788,2017,"12/09/2017",3,"https://www.rosario.gob.ar/normativa/ver/documento.do?accion=getPdf&id=838&modo=attachment"
787,2017,"06/09/2017",1,"https://www.rosario.gob.ar/normativa/ver/documento.do?accion=getPdf&id=837&modo=attachment"
786,2017,"01/09/2017",2,"https://www.rosario.gob.ar/normativa/ver/documento.do?accion=getPdf&id=836&modo=attachment"
785,2017,"31/08/2017",2,"https://www.rosario.gob.ar/normativa/ver/documento.do?accion=getPdf&id=835&modo=attachment"
784,2017,"17/08/2017",2,"https://www.rosario.gob.ar/normativa/ver/documento.do?accion=getPdf&id=834&modo=attachment"
783,2017,"16/08/2017",4,"https://www.rosario.gob.ar/normativa/ver/documento.do?accion=getPdf&id=833&modo=attachment"
782,2017,"15/08/2017",4,"https://www.rosario.gob.ar/normativa/ver/documento.do?accion=getPdf&id=832&modo=attachment"
781,2017,"10/08/2017",2,"https://www.rosario.gob.ar/normativa/ver/documento.do?accion=getPdf&id=830&modo=attachment"
780,2017,"07/08/2017",2,"https://www.rosario.gob.ar/normativa/ver/documento.do?accion=getPdf&id=829&modo=attachment"
779,2017,"02/08/2017",5,"https://www.rosario.gob.ar/normativa/ver/documento.do?accion=getPdf&id=828&modo=attachment"
778,2017,"31/07/2017",2,"https://www.rosario.gob.ar/normativa/ver/documento.do?accion=getPdf&id=827&modo=attachment"
777,2017,"28/07/2017",2,"https://www.rosario.gob.ar/normativa/ver/documento.do?accion=getPdf&id=826&modo=attachment"
776,2017,"25/07/2017",1,"https://www.rosario.gob.ar/normativa/ver/documento.do?accion=getPdf&id=825&modo=attachment"
775,2017,"21/07/2017",2,"https://www.rosario.gob.ar/normativa/ver/documento.do?accion=getPdf&id=824&modo=attachment"
774,2017,"20/07/2017",6,"https://www.rosario.gob.ar/normativa/ver/documento.do?accion=getPdf&id=823&modo=attachment"
773,2017,"19/07/2017",6,"https://www.rosario.gob.ar/normativa/ver/documento.do?accion=getPdf&id=822&modo=attachment"
772,2017,"17/07/2017",10,"https://www.rosario.gob.ar/normativa/ver/documento.do?accion=getPdf&id=821&modo=attachment"
771,2017,"12/07/2017",1,"https://www.rosario.gob.ar/normativa/ver/documento.do?accion=getPdf&id=820&modo=attachment"
770,2017,"11/07/2017",3,"https://www.rosario.gob.ar/normativa/ver/documento.do?accion=getPdf&id=819&modo=attachment"
769,2017,"05/07/2017",3,"https://www.rosario.gob.ar/normativa/ver/documento.do?accion=getPdf&id=818&modo=attachment"
768,2017,"04/07/2017",2,"https://www.rosario.gob.ar/normativa/ver/documento.do?accion=getPdf&id=817&modo=attachment"
767,2017,"29/06/2017",2,"https://www.rosario.gob.ar/normativa/ver/documento.do?accion=getPdf&id=816&modo=attachment"
766,2017,"28/06/2017",2,"https://www.rosario.gob.ar/normativa/ver/documento.do?accion=getPdf&id=814&modo=attachment"
765,2017,"26/06/2017",7,"https://www.rosario.gob.ar/normativa/ver/documento.do?accion=getPdf&id=813&modo=attachment"
764,2017,"23/06/2017",2,"https://www.rosario.gob.ar/normativa/ver/documento.do?accion=getPdf&id=812&modo=attachment"
763,2017,"22/06/2017",3,"https://www.rosario.gob.ar/normativa/ver/documento.do?accion=getPdf&id=811&modo=attachment"
762,2017,"15/06/2017",2,"https://www.rosario.gob.ar/normativa/ver/documento.do?accion=getPdf&id=810&modo=attachment"
761,2017,"12/06/2017",4,"https://www.rosario.gob.ar/normativa/ver/documento.do?accion=getPdf&id=809&modo=attachment"
760,2017,"09/06/2017",6,"https://www.rosario.gob.ar/normativa/ver/documento.do?accion=getPdf&id=808&modo=attachment"
759,2017,"05/06/2017",1,"https://www.rosario.gob.ar/normativa/ver/documento.do?accion=getPdf&id=807&modo=attachment"
758,2017,"02/06/2017",2,"https://www.rosario.gob.ar/normativa/ver/documento.do?accion=getPdf&id=806&modo=attachment"
757,2017,"01/06/2017",2,"https://www.rosario.gob.ar/normativa/ver/documento.do?accion=getPdf&id=805&modo=attachment"
756,2017,"31/05/2017",4,"https://www.rosario.gob.ar/normativa/ver/documento.do?accion=getPdf&id=804&modo=attachment"
755,2017,"30/05/2017",4,"https://www.rosario.gob.ar/normativa/ver/documento.do?accion=getPdf&id=803&modo=attachment"
754,2017,"26/05/2017",3,"https://www.rosario.gob.ar/normativa/ver/documento.do?accion=getPdf&id=802&modo=attachment"
752,2017,"23/05/2017",1,"https://www.rosario.gob.ar/normativa/ver/documento.do?accion=getPdf&id=800&modo=attachment"
751,2017,"18/05/2017",2,"https://www.rosario.gob.ar/normativa/ver/documento.do?accion=getPdf&id=799&modo=attachment"
750,2017,"17/05/2017",1,"https://www.rosario.gob.ar/normativa/ver/documento.do?accion=getPdf&id=798&modo=attachment"
749,2017,"16/05/2017",2,"https://www.rosario.gob.ar/normativa/ver/documento.do?accion=getPdf&id=797&modo=attachment"
748,2017,"15/05/2017",2,"https://www.rosario.gob.ar/normativa/ver/documento.do?accion=getPdf&id=796&modo=attachment"
747,2017,"11/05/2017",2,"https://www.rosario.gob.ar/normativa/ver/documento.do?accion=getPdf&id=795&modo=attachment"
746,2017,"08/05/2017",1,"https://www.rosario.gob.ar/normativa/ver/documento.do?accion=getPdf&id=794&modo=attachment"
745,2017,"04/05/2017",2,"https://www.rosario.gob.ar/normativa/ver/documento.do?accion=getPdf&id=793&modo=attachment"
744,2017,"03/05/2017",3,"https://www.rosario.gob.ar/normativa/ver/documento.do?accion=getPdf&id=792&modo=attachment"
743,2017,"02/05/2017",3,"https://www.rosario.gob.ar/normativa/ver/documento.do?accion=getPdf&id=791&modo=attachment"
742,2017,"25/04/2017",2,"https://www.rosario.gob.ar/normativa/ver/documento.do?accion=getPdf&id=790&modo=attachment"
741,2017,"24/04/2017",3,"https://www.rosario.gob.ar/normativa/ver/documento.do?accion=getPdf&id=789&modo=attachment"
740,2017,"20/04/2017",3,"https://www.rosario.gob.ar/normativa/ver/documento.do?accion=getPdf&id=788&modo=attachment"
739,2017,"17/04/2017",2,"https://www.rosario.gob.ar/normativa/ver/documento.do?accion=getPdf&id=787&modo=attachment"
738,2017,"12/04/2017",4,"https://www.rosario.gob.ar/normativa/ver/documento.do?accion=getPdf&id=786&modo=attachment"
737,2017,"11/04/2017",6,"https://www.rosario.gob.ar/normativa/ver/documento.do?accion=getPdf&id=785&modo=attachment"
736,2017,"10/04/2017",3,"https://www.rosario.gob.ar/normativa/ver/documento.do?accion=getPdf&id=783&modo=attachment"
735,2017,"07/04/2017",4,"https://www.rosario.gob.ar/normativa/ver/documento.do?accion=getPdf&id=781&modo=attachment"
734,2017,"31/03/2017",1,"https://www.rosario.gob.ar/normativa/ver/documento.do?accion=getPdf&id=780&modo=attachment"
733,2017,"30/03/2017",2,"https://www.rosario.gob.ar/normativa/ver/documento.do?accion=getPdf&id=779&modo=attachment"
732,2017,"27/03/2017",2,"https://www.rosario.gob.ar/normativa/ver/documento.do?accion=getPdf&id=778&modo=attachment"
731,2017,"21/03/2017",1,"https://www.rosario.gob.ar/normativa/ver/documento.do?accion=getPdf&id=777&modo=attachment"
730,2017,"17/03/2017",2,"https://www.rosario.gob.ar/normativa/ver/documento.do?accion=getPdf&id=776&modo=attachment"
729,2017,"13/03/2017",3,"https://www.rosario.gob.ar/normativa/ver/documento.do?accion=getPdf&id=775&modo=attachment"
728,2017,"08/03/2017",4,"https://www.rosario.gob.ar/normativa/ver/documento.do?accion=getPdf&id=774&modo=attachment"
727,2017,"03/03/2017",1,"https://www.rosario.gob.ar/normativa/ver/documento.do?accion=getPdf&id=773&modo=attachment"
726,2017,"02/03/2017",3,"https://www.rosario.gob.ar/normativa/ver/documento.do?accion=getPdf&id=772&modo=attachment"
725,2017,"01/03/2017",2,"https://www.rosario.gob.ar/normativa/ver/documento.do?accion=getPdf&id=771&modo=attachment"
724,2017,"21/02/2017",2,"https://www.rosario.gob.ar/normativa/ver/documento.do?accion=getPdf&id=770&modo=attachment"
723,2017,"17/02/2017",3,"https://www.rosario.gob.ar/normativa/ver/documento.do?accion=getPdf&id=769&modo=attachment"
722,2017,"16/02/2017",3,"https://www.rosario.gob.ar/normativa/ver/documento.do?accion=getPdf&id=768&modo=attachment"
721,2017,"15/02/2017",1,"https://www.rosario.gob.ar/normativa/ver/documento.do?accion=getPdf&id=767&modo=attachment"
720,2017,"10/02/2017",2,"https://www.rosario.gob.ar/normativa/ver/documento.do?accion=getPdf&id=766&modo=attachment"
719,2017,"09/02/2017",6,"https://www.rosario.gob.ar/normativa/ver/documento.do?accion=getPdf&id=765&modo=attachment"
718,2017,"07/02/2017",7,"https://www.rosario.gob.ar/normativa/ver/documento.do?accion=getPdf&id=764&modo=attachment"
717,2017,"02/02/2017",2,"https://www.rosario.gob.ar/normativa/ver/documento.do?accion=getPdf&id=763&modo=attachment"
716,2017,"01/02/2017",1,"https://www.rosario.gob.ar/normativa/ver/documento.do?accion=getPdf&id=762&modo=attachment"
715,2017,"31/01/2017",2,"https://www.rosario.gob.ar/normativa/ver/documento.do?accion=getPdf&id=761&modo=attachment"
714,2017,"30/01/2017",1,"https://www.rosario.gob.ar/normativa/ver/documento.do?accion=getPdf&id=760&modo=attachment"
713,2017,"27/01/2017",1,"https://www.rosario.gob.ar/normativa/ver/documento.do?accion=getPdf&id=759&modo=attachment"
712,2017,"26/01/2017",2,"https://www.rosario.gob.ar/normativa/ver/documento.do?accion=getPdf&id=758&modo=attachment"
711,2017,"25/01/2017",6,"https://www.rosario.gob.ar/normativa/ver/documento.do?accion=getPdf&id=756&modo=attachment"
710,2017,"23/01/2017",5,"https://www.rosario.gob.ar/normativa/ver/documento.do?accion=getPdf&id=754&modo=attachment"
709,2017,"17/01/2017",5,"https://www.rosario.gob.ar/normativa/ver/documento.do?accion=getPdf&id=753&modo=attachment"
708,2017,"12/01/2017",3,"https://www.rosario.gob.ar/normativa/ver/documento.do?accion=getPdf&id=751&modo=attachment"
707,2017,"11/01/2017",5,"https://www.rosario.gob.ar/normativa/ver/documento.do?accion=getPdf&id=750&modo=attachment"
706,2017,"10/01/2017",4,"https://www.rosario.gob.ar/normativa/ver/documento.do?accion=getPdf&id=749&modo=attachment"
705,2017,"06/01/2017",5,"https://www.rosario.gob.ar/normativa/ver/documento.do?accion=getPdf&id=748&modo=attachment"
704,2017,"04/01/2017",16,"https://www.rosario.gob.ar/normativa/ver/documento.do?accion=getPdf&id=747&modo=attachment"
703,2016,"30/12/2016",2,"https://www.rosario.gob.ar/normativa/ver/documento.do?accion=getPdf&id=746&modo=attachment"
702,2016,"29/12/2016",9,"https://www.rosario.gob.ar/normativa/ver/documento.do?accion=getPdf&id=745&modo=attachment"
701,2016,"27/12/2016",4,"https://www.rosario.gob.ar/normativa/ver/documento.do?accion=getPdf&id=744&modo=attachment"
700,2016,"26/12/2016",4,"https://www.rosario.gob.ar/normativa/ver/documento.do?accion=getPdf&id=743&modo=attachment"
699,2016,"23/12/2016",5,"https://www.rosario.gob.ar/normativa/ver/documento.do?accion=getPdf&id=742&modo=attachment"
698,2016,"22/12/2016",2,"https://www.rosario.gob.ar/normativa/ver/documento.do?accion=getPdf&id=741&modo=attachment"
697,2016,"20/12/2016",2,"https://www.rosario.gob.ar/normativa/ver/documento.do?accion=getPdf&id=740&modo=attachment"
696,2016,"16/12/2016",4,"https://www.rosario.gob.ar/normativa/ver/documento.do?accion=getPdf&id=739&modo=attachment"
695,2016,"14/12/2016",5,"https://www.rosario.gob.ar/normativa/ver/documento.do?accion=getPdf&id=737&modo=attachment"
694,2016,"07/12/2016",2,"https://www.rosario.gob.ar/normativa/ver/documento.do?accion=getPdf&id=736&modo=attachment"
693,2016,"01/12/2016",5,"https://www.rosario.gob.ar/normativa/ver/documento.do?accion=getPdf&id=735&modo=attachment"
692,2016,"30/11/2016",4,"https://www.rosario.gob.ar/normativa/ver/documento.do?accion=getPdf&id=734&modo=attachment"
691,2016,"22/11/2016",2,"https://www.rosario.gob.ar/normativa/ver/documento.do?accion=getPdf&id=732&modo=attachment"
690,2016,"21/11/2016",4,"https://www.rosario.gob.ar/normativa/ver/documento.do?accion=getPdf&id=731&modo=attachment"
689,2016,"16/11/2016",7,"https://www.rosario.gob.ar/normativa/ver/documento.do?accion=getPdf&id=730&modo=attachment"
688,2016,"15/11/2016",6,"https://www.rosario.gob.ar/normativa/ver/documento.do?accion=getPdf&id=729&modo=attachment"
687,2016,"07/11/2016",5,"https://www.rosario.gob.ar/normativa/ver/documento.do?accion=getPdf&id=728&modo=attachment"
686,2016,"01/11/2016",2,"https://www.rosario.gob.ar/normativa/ver/documento.do?accion=getPdf&id=726&modo=attachment"
685,2016,"28/10/2016",2,"https://www.rosario.gob.ar/normativa/ver/documento.do?accion=getPdf&id=725&modo=attachment"
684,2016,"27/10/2016",5,"https://www.rosario.gob.ar/normativa/ver/documento.do?accion=getPdf&id=724&modo=attachment"
683,2016,"25/10/2016",4,"https://www.rosario.gob.ar/normativa/ver/documento.do?accion=getPdf&id=723&modo=attachment"
682,2016,"21/10/2016",2,"https://www.rosario.gob.ar/normativa/ver/documento.do?accion=getPdf&id=721&modo=attachment"
681,2016,"17/10/2016",4,"https://www.rosario.gob.ar/normativa/ver/documento.do?accion=getPdf&id=720&modo=attachment"
680,2016,"12/10/2016",7,"https://www.rosario.gob.ar/normativa/ver/documento.do?accion=getPdf&id=719&modo=attachment"
679,2016,"05/10/2016",2,"https://www.rosario.gob.ar/normativa/ver/documento.do?accion=getPdf&id=717&modo=attachment"
678,2016,"30/09/2016",3,"https://www.rosario.gob.ar/normativa/ver/documento.do?accion=getPdf&id=716&modo=attachment"
677,2016,"28/09/2016",4,"https://www.rosario.gob.ar/normativa/ver/documento.do?accion=getPdf&id=715&modo=attachment"
676,2016,"27/09/2016",1,"https://www.rosario.gob.ar/normativa/ver/documento.do?accion=getPdf&id=714&modo=attachment"
675,2016,"26/09/2016",4,"https://www.rosario.gob.ar/normativa/ver/documento.do?accion=getPdf&id=713&modo=attachment"
674,2016,"23/09/2016",3,"https://www.rosario.gob.ar/normativa/ver/documento.do?accion=getPdf&id=712&modo=attachment"
673,2016,"20/09/2016",6,"https://www.rosario.gob.ar/normativa/ver/documento.do?accion=getPdf&id=711&modo=attachment"
672,2016,"19/09/2016",8,"https://www.rosario.gob.ar/normativa/ver/documento.do?accion=getPdf&id=710&modo=attachment"
671,2016,"14/09/2016",3,"https://www.rosario.gob.ar/normativa/ver/documento.do?accion=getPdf&id=706&modo=attachment"
670,2016,"13/09/2016",3,"https://www.rosario.gob.ar/normativa/ver/documento.do?accion=getPdf&id=705&modo=attachment"
669,2016,"12/09/2016",2,"https://www.rosario.gob.ar/normativa/ver/documento.do?accion=getPdf&id=704&modo=attachment"
668,2016,"08/09/2016",4,"https://www.rosario.gob.ar/normativa/ver/documento.do?accion=getPdf&id=703&modo=attachment"
667,2016,"01/09/2016",2,"https://www.rosario.gob.ar/normativa/ver/documento.do?accion=getPdf&id=700&modo=attachment"
666,2016,"31/08/2016",2,"https://www.rosario.gob.ar/normativa/ver/documento.do?accion=getPdf&id=699&modo=attachment"
665,2016,"30/08/2016",1,"https://www.rosario.gob.ar/normativa/ver/documento.do?accion=getPdf&id=698&modo=attachment"
664,2016,"26/08/2016",3,"https://www.rosario.gob.ar/normativa/ver/documento.do?accion=getPdf&id=697&modo=attachment"
663,2016,"24/08/2016",4,"https://www.rosario.gob.ar/normativa/ver/documento.do?accion=getPdf&id=696&modo=attachment"
662,2016,"22/08/2016",10,"https://www.rosario.gob.ar/normativa/ver/documento.do?accion=getPdf&id=695&modo=attachment"
661,2016,"18/08/2016",1,"https://www.rosario.gob.ar/normativa/ver/documento.do?accion=getPdf&id=694&modo=attachment"
660,2016,"17/08/2016",3,"https://www.rosario.gob.ar/normativa/ver/documento.do?accion=getPdf&id=693&modo=attachment"
659,2016,"11/08/2016",1,"https://www.rosario.gob.ar/normativa/ver/documento.do?accion=getPdf&id=692&modo=attachment"
658,2016,"09/08/2016",9,"https://www.rosario.gob.ar/normativa/ver/documento.do?accion=getPdf&id=691&modo=attachment"
657,2016,"08/08/2016",5,"https://www.rosario.gob.ar/normativa/ver/documento.do?accion=getPdf&id=690&modo=attachment"
656,2016,"28/07/2016",3,"https://www.rosario.gob.ar/normativa/ver/documento.do?accion=getPdf&id=688&modo=attachment"
655,2016,"22/07/2016",5,"https://www.rosario.gob.ar/normativa/ver/documento.do?accion=getPdf&id=687&modo=attachment"
654,2016,"20/07/2016",3,"https://www.rosario.gob.ar/normativa/ver/documento.do?accion=getPdf&id=686&modo=attachment"
653,2016,"15/07/2016",8,"https://www.rosario.gob.ar/normativa/ver/documento.do?accion=getPdf&id=685&modo=attachment"
652,2016,"12/07/2016",10,"https://www.rosario.gob.ar/normativa/ver/documento.do?accion=getPdf&id=684&modo=attachment"
651,2016,"07/07/2016",5,"https://www.rosario.gob.ar/normativa/ver/documento.do?accion=getPdf&id=683&modo=attachment"
650,2016,"06/07/2016",4,"https://www.rosario.gob.ar/normativa/ver/documento.do?accion=getPdf&id=682&modo=attachment"
649,2016,"04/07/2016",4,"https://www.rosario.gob.ar/normativa/ver/documento.do?accion=getPdf&id=681&modo=attachment"
648,2016,"01/07/2016",4,"https://www.rosario.gob.ar/normativa/ver/documento.do?accion=getPdf&id=680&modo=attachment"
647,2016,"30/06/2016",2,"https://www.rosario.gob.ar/normativa/ver/documento.do?accion=getPdf&id=679&modo=attachment"
646,2016,"29/06/2016",1,"https://www.rosario.gob.ar/normativa/ver/documento.do?accion=getPdf&id=678&modo=attachment"
645,2016,"27/06/2016",3,"https://www.rosario.gob.ar/normativa/ver/documento.do?accion=getPdf&id=677&modo=attachment"
644,2016,"24/06/2016",2,"https://www.rosario.gob.ar/normativa/ver/documento.do?accion=getPdf&id=676&modo=attachment"
643,2016,"23/06/2016",8,"https://www.rosario.gob.ar/normativa/ver/documento.do?accion=getPdf&id=675&modo=attachment"
642,2016,"16/06/2016",6,"https://www.rosario.gob.ar/normativa/ver/documento.do?accion=getPdf&id=674&modo=attachment"
641,2016,"13/06/2016",4,"https://www.rosario.gob.ar/normativa/ver/documento.do?accion=getPdf&id=672&modo=attachment"
640,2016,"08/06/2016",1,"https://www.rosario.gob.ar/normativa/ver/documento.do?accion=getPdf&id=671&modo=attachment"
639,2016,"06/06/2016",2,"https://www.rosario.gob.ar/normativa/ver/documento.do?accion=getPdf&id=670&modo=attachment"
638,2016,"03/06/2016",3,"https://www.rosario.gob.ar/normativa/ver/documento.do?accion=getPdf&id=669&modo=attachment"
637,2016,"30/05/2016",9,"https://www.rosario.gob.ar/normativa/ver/documento.do?accion=getPdf&id=668&modo=attachment"
636,2016,"26/05/2016",2,"https://www.rosario.gob.ar/normativa/ver/documento.do?accion=getPdf&id=667&modo=attachment"
635,2016,"24/05/2016",2,"https://www.rosario.gob.ar/normativa/ver/documento.do?accion=getPdf&id=666&modo=attachment"
634,2016,"20/05/2016",3,"https://www.rosario.gob.ar/normativa/ver/documento.do?accion=getPdf&id=665&modo=attachment"
633,2016,"17/05/2016",4,"https://www.rosario.gob.ar/normativa/ver/documento.do?accion=getPdf&id=664&modo=attachment"
632,2016,"13/05/2016",6,"https://www.rosario.gob.ar/normativa/ver/documento.do?accion=getPdf&id=663&modo=attachment"
631,2016,"10/05/2016",1,"https://www.rosario.gob.ar/normativa/ver/documento.do?accion=getPdf&id=662&modo=attachment"
630,2016,"09/05/2016",7,"https://www.rosario.gob.ar/normativa/ver/documento.do?accion=getPdf&id=661&modo=attachment"
629,2016,"05/05/2016",2,"https://www.rosario.gob.ar/normativa/ver/documento.do?accion=getPdf&id=660&modo=attachment"
628,2016,"03/05/2016",2,"https://www.rosario.gob.ar/normativa/ver/documento.do?accion=getPdf&id=659&modo=attachment"
627,2016,"02/05/2016",4,"https://www.rosario.gob.ar/normativa/ver/documento.do?accion=getPdf&id=658&modo=attachment"
626,2016,"28/04/2016",6,"https://www.rosario.gob.ar/normativa/ver/documento.do?accion=getPdf&id=657&modo=attachment"
625,2016,"26/04/2016",2,"https://www.rosario.gob.ar/normativa/ver/documento.do?accion=getPdf&id=656&modo=attachment"
624,2016,"21/04/2016",4,"https://www.rosario.gob.ar/normativa/ver/documento.do?accion=getPdf&id=655&modo=attachment"
623,2016,"18/04/2016",2,"https://www.rosario.gob.ar/normativa/ver/documento.do?accion=getPdf&id=654&modo=attachment"
622,2016,"15/04/2016",3,"https://www.rosario.gob.ar/normativa/ver/documento.do?accion=getPdf&id=653&modo=attachment"
621,2016,"11/04/2016",2,"https://www.rosario.gob.ar/normativa/ver/documento.do?accion=getPdf&id=652&modo=attachment"
620,2016,"08/04/2016",4,"https://www.rosario.gob.ar/normativa/ver/documento.do?accion=getPdf&id=651&modo=attachment"
619,2016,"05/04/2016",1,"https://www.rosario.gob.ar/normativa/ver/documento.do?accion=getPdf&id=650&modo=attachment"
618,2016,"01/04/2016",1,"https://www.rosario.gob.ar/normativa/ver/documento.do?accion=getPdf&id=649&modo=attachment"
617,2016,"30/03/2016",4,"https://www.rosario.gob.ar/normativa/ver/documento.do?accion=getPdf&id=648&modo=attachment"
616,2016,"28/03/2016",1,"https://www.rosario.gob.ar/normativa/ver/documento.do?accion=getPdf&id=647&modo=attachment"
615,2016,"22/03/2016",1,"https://www.rosario.gob.ar/normativa/ver/documento.do?accion=getPdf&id=646&modo=attachment"
614,2016,"18/03/2016",3,"https://www.rosario.gob.ar/normativa/ver/documento.do?accion=getPdf&id=645&modo=attachment"
613,2016,"16/03/2016",1,"https://www.rosario.gob.ar/normativa/ver/documento.do?accion=getPdf&id=644&modo=attachment"
612,2016,"10/03/2016",6,"https://www.rosario.gob.ar/normativa/ver/documento.do?accion=getPdf&id=643&modo=attachment"
611,2016,"04/03/2016",3,"https://www.rosario.gob.ar/normativa/ver/documento.do?accion=getPdf&id=642&modo=attachment"
610,2016,"26/02/2016",3,"https://www.rosario.gob.ar/normativa/ver/documento.do?accion=getPdf&id=641&modo=attachment"
609,2016,"23/02/2016",5,"https://www.rosario.gob.ar/normativa/ver/documento.do?accion=getPdf&id=640&modo=attachment"
608,2016,"15/02/2016",1,"https://www.rosario.gob.ar/normativa/ver/documento.do?accion=getPdf&id=637&modo=attachment"
607,2016,"11/02/2016",3,"https://www.rosario.gob.ar/normativa/ver/documento.do?accion=getPdf&id=636&modo=attachment"
606,2016,"05/02/2016",3,"https://www.rosario.gob.ar/normativa/ver/documento.do?accion=getPdf&id=635&modo=attachment"
605,2016,"02/02/2016",2,"https://www.rosario.gob.ar/normativa/ver/documento.do?accion=getPdf&id=634&modo=attachment"
604,2016,"29/01/2016",9,"https://www.rosario.gob.ar/normativa/ver/documento.do?accion=getPdf&id=633&modo=attachment"
603,2016,"26/01/2016",5,"https://www.rosario.gob.ar/normativa/ver/documento.do?accion=getPdf&id=632&modo=attachment"
602,2016,"25/01/2016",1,"https://www.rosario.gob.ar/normativa/ver/documento.do?accion=getPdf&id=631&modo=attachment"
601,2016,"22/01/2016",7,"https://www.rosario.gob.ar/normativa/ver/documento.do?accion=getPdf&id=630&modo=attachment"
600,2016,"18/01/2016",1,"https://www.rosario.gob.ar/normativa/ver/documento.do?accion=getPdf&id=629&modo=attachment"
599,2016,"14/01/2016",1,"https://www.rosario.gob.ar/normativa/ver/documento.do?accion=getPdf&id=628&modo=attachment"
598,2016,"13/01/2016",8,"https://www.rosario.gob.ar/normativa/ver/documento.do?accion=getPdf&id=627&modo=attachment"
597,2016,"07/01/2016",13,"https://www.rosario.gob.ar/normativa/ver/documento.do?accion=getPdf&id=626&modo=attachment"
596,2016,"04/01/2016",2,"https://www.rosario.gob.ar/normativa/ver/documento.do?accion=getPdf&id=625&modo=attachment"
595,2015,"28/12/2015",3,"https://www.rosario.gob.ar/normativa/ver/documento.do?accion=getPdf&id=624&modo=attachment"
594,2015,"24/12/2015",5,"https://www.rosario.gob.ar/normativa/ver/documento.do?accion=getPdf&id=623&modo=attachment"
593,2015,"21/12/2015",3,"https://www.rosario.gob.ar/normativa/ver/documento.do?accion=getPdf&id=622&modo=attachment"
592,2015,"17/12/2015",4,"https://www.rosario.gob.ar/normativa/ver/documento.do?accion=getPdf&id=621&modo=attachment"
591,2015,"14/12/2015",44,"https://www.rosario.gob.ar/normativa/ver/documento.do?accion=getPdf&id=620&modo=attachment"
590,2015,"11/12/2015",31,"https://www.rosario.gob.ar/normativa/ver/documento.do?accion=getPdf&id=619&modo=attachment"
589,2015,"10/12/2015",5,"https://www.rosario.gob.ar/normativa/ver/documento.do?accion=getPdf&id=617&modo=attachment"
588,2015,"02/12/2015",4,"https://www.rosario.gob.ar/normativa/ver/documento.do?accion=getPdf&id=616&modo=attachment"
587,2015,"30/11/2015",5,"https://www.rosario.gob.ar/normativa/ver/documento.do?accion=getPdf&id=615&modo=attachment"
586,2015,"24/11/2015",2,"https://www.rosario.gob.ar/normativa/ver/documento.do?accion=getPdf&id=614&modo=attachment"
585,2015,"23/11/2015",1,"https://www.rosario.gob.ar/normativa/ver/documento.do?accion=getPdf&id=613&modo=attachment"
584,2015,"20/11/2015",2,"https://www.rosario.gob.ar/normativa/ver/documento.do?accion=getPdf&id=612&modo=attachment"
583,2015,"18/11/2015",1,"https://www.rosario.gob.ar/normativa/ver/documento.do?accion=getPdf&id=611&modo=attachment"
582,2015,"13/11/2015",3,"https://www.rosario.gob.ar/normativa/ver/documento.do?accion=getPdf&id=610&modo=attachment"
581,2015,"12/11/2015",3,"https://www.rosario.gob.ar/normativa/ver/documento.do?accion=getPdf&id=609&modo=attachment"
580,2015,"11/11/2015",2,"https://www.rosario.gob.ar/normativa/ver/documento.do?accion=getPdf&id=608&modo=attachment"
579,2015,"10/11/2015",5,"https://www.rosario.gob.ar/normativa/ver/documento.do?accion=getPdf&id=607&modo=attachment"
578,2015,"06/11/2015",2,"https://www.rosario.gob.ar/normativa/ver/documento.do?accion=getPdf&id=606&modo=attachment"
577,2015,"04/11/2015",4,"https://www.rosario.gob.ar/normativa/ver/documento.do?accion=getPdf&id=605&modo=attachment"
576,2015,"30/10/2015",2,"https://www.rosario.gob.ar/normativa/ver/documento.do?accion=getPdf&id=604&modo=attachment"
575,2015,"26/10/2015",2,"https://www.rosario.gob.ar/normativa/ver/documento.do?accion=getPdf&id=603&modo=attachment"
574,2015,"23/10/2015",2,"https://www.rosario.gob.ar/normativa/ver/documento.do?accion=getPdf&id=602&modo=attachment"
573,2015,"22/10/2015",3,"https://www.rosario.gob.ar/normativa/ver/documento.do?accion=getPdf&id=601&modo=attachment"
572,2015,"21/10/2015",4,"https://www.rosario.gob.ar/normativa/ver/documento.do?accion=getPdf&id=600&modo=attachment"
571,2015,"19/10/2015",6,"https://www.rosario.gob.ar/normativa/ver/documento.do?accion=getPdf&id=599&modo=attachment"
570,2015,"16/10/2015",2,"https://www.rosario.gob.ar/normativa/ver/documento.do?accion=getPdf&id=598&modo=attachment"
569,2015,"14/10/2015",4,"https://www.rosario.gob.ar/normativa/ver/documento.do?accion=getPdf&id=597&modo=attachment"
568,2015,"08/10/2015",8,"https://www.rosario.gob.ar/normativa/ver/documento.do?accion=getPdf&id=596&modo=attachment"
567,2015,"02/10/2015",1,"https://www.rosario.gob.ar/normativa/ver/documento.do?accion=getPdf&id=595&modo=attachment"
566,2015,"30/09/2015",2,"https://www.rosario.gob.ar/normativa/ver/documento.do?accion=getPdf&id=594&modo=attachment"
565,2015,"29/09/2015",4,"https://www.rosario.gob.ar/normativa/ver/documento.do?accion=getPdf&id=593&modo=attachment"
564,2015,"23/09/2015",2,"https://www.rosario.gob.ar/normativa/ver/documento.do?accion=getPdf&id=592&modo=attachment"
563,2015,"22/09/2015",3,"https://www.rosario.gob.ar/normativa/ver/documento.do?accion=getPdf&id=591&modo=attachment"
562,2015,"21/09/2015",1,"https://www.rosario.gob.ar/normativa/ver/documento.do?accion=getPdf&id=590&modo=attachment"
561,2015,"15/09/2015",1,"https://www.rosario.gob.ar/normativa/ver/documento.do?accion=getPdf&id=589&modo=attachment"
560,2015,"14/09/2015",2,"https://www.rosario.gob.ar/normativa/ver/documento.do?accion=getPdf&id=588&modo=attachment"
559,2015,"08/09/2015",3,"https://www.rosario.gob.ar/normativa/ver/documento.do?accion=getPdf&id=587&modo=attachment"
558,2015,"01/09/2015",2,"https://www.rosario.gob.ar/normativa/ver/documento.do?accion=getPdf&id=586&modo=attachment"
557,2015,"31/08/2015",6,"https://www.rosario.gob.ar/normativa/ver/documento.do?accion=getPdf&id=585&modo=attachment"
556,2015,"28/08/2015",1,"https://www.rosario.gob.ar/normativa/ver/documento.do?accion=getPdf&id=584&modo=attachment"
555,2015,"24/08/2015",3,"https://www.rosario.gob.ar/normativa/ver/documento.do?accion=getPdf&id=583&modo=attachment"
554,2015,"21/08/2015",1,"https://www.rosario.gob.ar/normativa/ver/documento.do?accion=getPdf&id=582&modo=attachment"
553,2015,"19/08/2015",4,"https://www.rosario.gob.ar/normativa/ver/documento.do?accion=getPdf&id=581&modo=attachment"
552,2015,"18/08/2015",1,"https://www.rosario.gob.ar/normativa/ver/documento.do?accion=getPdf&id=580&modo=attachment"
551,2015,"14/08/2015",3,"https://www.rosario.gob.ar/normativa/ver/documento.do?accion=getPdf&id=579&modo=attachment"
550,2015,"13/08/2015",4,"https://www.rosario.gob.ar/normativa/ver/documento.do?accion=getPdf&id=578&modo=attachment"
549,2015,"11/08/2015",3,"https://www.rosario.gob.ar/normativa/ver/documento.do?accion=getPdf&id=577&modo=attachment"
548,2015,"10/08/2015",1,"https://www.rosario.gob.ar/normativa/ver/documento.do?accion=getPdf&id=576&modo=attachment"
547,2015,"05/08/2015",3,"https://www.rosario.gob.ar/normativa/ver/documento.do?accion=getPdf&id=575&modo=attachment"
546,2015,"31/07/2015",3,"https://www.rosario.gob.ar/normativa/ver/documento.do?accion=getPdf&id=574&modo=attachment"
545,2015,"29/07/2015",4,"https://www.rosario.gob.ar/normativa/ver/documento.do?accion=getPdf&id=573&modo=attachment"
544,2015,"28/07/2015",1,"https://www.rosario.gob.ar/normativa/ver/documento.do?accion=getPdf&id=572&modo=attachment"
543,2015,"27/07/2015",1,"https://www.rosario.gob.ar/normativa/ver/documento.do?accion=getPdf&id=571&modo=attachment"
542,2015,"16/07/2015",2,"https://www.rosario.gob.ar/normativa/ver/documento.do?accion=getPdf&id=570&modo=attachment"
541,2015,"13/07/2015",3,"https://www.rosario.gob.ar/normativa/ver/documento.do?accion=getPdf&id=569&modo=attachment"
540,2015,"06/07/2015",2,"https://www.rosario.gob.ar/normativa/ver/documento.do?accion=getPdf&id=568&modo=attachment"
539,2015,"01/07/2015",1,"https://www.rosario.gob.ar/normativa/ver/documento.do?accion=getPdf&id=567&modo=attachment"
538,2015,"30/06/2015",1,"https://www.rosario.gob.ar/normativa/ver/documento.do?accion=getPdf&id=566&modo=attachment"
537,2015,"29/06/2015",3,"https://www.rosario.gob.ar/normativa/ver/documento.do?accion=getPdf&id=565&modo=attachment"
536,2015,"25/06/2015",1,"https://www.rosario.gob.ar/normativa/ver/documento.do?accion=getPdf&id=564&modo=attachment"
535,2015,"19/06/2015",2,"https://www.rosario.gob.ar/normativa/ver/documento.do?accion=getPdf&id=563&modo=attachment"
534,2015,"17/06/2015",4,"https://www.rosario.gob.ar/normativa/ver/documento.do?accion=getPdf&id=562&modo=attachment"
533,2015,"15/06/2015",1,"https://www.rosario.gob.ar/normativa/ver/documento.do?accion=getPdf&id=561&modo=attachment"
532,2015,"11/06/2015",2,"https://www.rosario.gob.ar/normativa/ver/documento.do?accion=getPdf&id=560&modo=attachment"
531,2015,"04/06/2015",2,"https://www.rosario.gob.ar/normativa/ver/documento.do?accion=getPdf&id=559&modo=attachment"
530,2015,"03/06/2015",2,"https://www.rosario.gob.ar/normativa/ver/documento.do?accion=getPdf&id=558&modo=attachment"
529,2015,"01/06/2015",5,"https://www.rosario.gob.ar/normativa/ver/documento.do?accion=getPdf&id=557&modo=attachment"
528,2015,"29/05/2015",2,"https://www.rosario.gob.ar/normativa/ver/documento.do?accion=getPdf&id=556&modo=attachment"
527,2015,"27/05/2015",5,"https://www.rosario.gob.ar/normativa/ver/documento.do?accion=getPdf&id=555&modo=attachment"
526,2015,"21/05/2015",2,"https://www.rosario.gob.ar/normativa/ver/documento.do?accion=getPdf&id=554&modo=attachment"
525,2015,"20/05/2015",2,"https://www.rosario.gob.ar/normativa/ver/documento.do?accion=getPdf&id=553&modo=attachment"
524,2015,"13/05/2015",2,"https://www.rosario.gob.ar/normativa/ver/documento.do?accion=getPdf&id=552&modo=attachment"
523,2015,"12/05/2015",1,"https://www.rosario.gob.ar/normativa/ver/documento.do?accion=getPdf&id=551&modo=attachment"
522,2015,"08/05/2015",2,"https://www.rosario.gob.ar/normativa/ver/documento.do?accion=getPdf&id=550&modo=attachment"
521,2015,"29/04/2015",2,"https://www.rosario.gob.ar/normativa/ver/documento.do?accion=getPdf&id=549&modo=attachment"
520,2015,"27/04/2015",3,"https://www.rosario.gob.ar/normativa/ver/documento.do?accion=getPdf&id=548&modo=attachment"
519,2015,"24/04/2015",2,"https://www.rosario.gob.ar/normativa/ver/documento.do?accion=getPdf&id=547&modo=attachment"
518,2015,"22/04/2015",5,"https://www.rosario.gob.ar/normativa/ver/documento.do?accion=getPdf&id=546&modo=attachment"
517,2015,"17/04/2015",3,"https://www.rosario.gob.ar/normativa/ver/documento.do?accion=getPdf&id=545&modo=attachment"
516,2015,"15/04/2015",4,"https://www.rosario.gob.ar/normativa/ver/documento.do?accion=getPdf&id=544&modo=attachment"
515,2015,"10/04/2015",6,"https://www.rosario.gob.ar/normativa/ver/documento.do?accion=getPdf&id=543&modo=attachment"
514,2015,"09/04/2015",1,"https://www.rosario.gob.ar/normativa/ver/documento.do?accion=getPdf&id=542&modo=attachment"
513,2015,"07/04/2015",1,"https://www.rosario.gob.ar/normativa/ver/documento.do?accion=getPdf&id=541&modo=attachment"
512,2015,"06/04/2015",1,"https://www.rosario.gob.ar/normativa/ver/documento.do?accion=getPdf&id=540&modo=attachment"
511,2015,"01/04/2015",1,"https://www.rosario.gob.ar/normativa/ver/documento.do?accion=getPdf&id=539&modo=attachment"
510,2015,"27/03/2015",2,"https://www.rosario.gob.ar/normativa/ver/documento.do?accion=getPdf&id=538&modo=attachment"
509,2015,"26/03/2015",4,"https://www.rosario.gob.ar/normativa/ver/documento.do?accion=getPdf&id=537&modo=attachment"
508,2015,"25/03/2015",3,"https://www.rosario.gob.ar/normativa/ver/documento.do?accion=getPdf&id=536&modo=attachment"
507,2015,"19/03/2015",1,"https://www.rosario.gob.ar/normativa/ver/documento.do?accion=getPdf&id=535&modo=attachment"
506,2015,"18/03/2015",1,"https://www.rosario.gob.ar/normativa/ver/documento.do?accion=getPdf&id=534&modo=attachment"
505,2015,"12/03/2015",3,"https://www.rosario.gob.ar/normativa/ver/documento.do?accion=getPdf&id=533&modo=attachment"
504,2015,"11/03/2015",1,"https://www.rosario.gob.ar/normativa/ver/documento.do?accion=getPdf&id=532&modo=attachment"
503,2015,"04/03/2015",2,"https://www.rosario.gob.ar/normativa/ver/documento.do?accion=getPdf&id=531&modo=attachment"
502,2015,"02/03/2015",1,"https://www.rosario.gob.ar/normativa/ver/documento.do?accion=getPdf&id=530&modo=attachment"
501,2015,"23/02/2015",2,"https://www.rosario.gob.ar/normativa/ver/documento.do?accion=getPdf&id=529&modo=attachment"
500,2015,"19/02/2015",1,"https://www.rosario.gob.ar/normativa/ver/documento.do?accion=getPdf&id=528&modo=attachment"
499,2015,"18/02/2015",7,"https://www.rosario.gob.ar/normativa/ver/documento.do?accion=getPdf&id=527&modo=attachment"
498,2015,"11/02/2015",4,"https://www.rosario.gob.ar/normativa/ver/documento.do?accion=getPdf&id=526&modo=attachment"
497,2015,"10/02/2015",2,"https://www.rosario.gob.ar/normativa/ver/documento.do?accion=getPdf&id=525&modo=attachment"
496,2015,"06/02/2015",3,"https://www.rosario.gob.ar/normativa/ver/documento.do?accion=getPdf&id=524&modo=attachment"
495,2015,"29/01/2015",8,"https://www.rosario.gob.ar/normativa/ver/documento.do?accion=getPdf&id=523&modo=attachment"
494,2015,"27/01/2015",4,"https://www.rosario.gob.ar/normativa/ver/documento.do?accion=getPdf&id=522&modo=attachment"
493,2015,"26/01/2015",10,"https://www.rosario.gob.ar/normativa/ver/documento.do?accion=getPdf&id=521&modo=attachment"
492,2015,"22/01/2015",2,"https://www.rosario.gob.ar/normativa/ver/documento.do?accion=getPdf&id=520&modo=attachment"
491,2015,"21/01/2015",4,"https://www.rosario.gob.ar/normativa/ver/documento.do?accion=getPdf&id=519&modo=attachment"
490,2015,"20/01/2015",2,"https://www.rosario.gob.ar/normativa/ver/documento.do?accion=getPdf&id=518&modo=attachment"
489,2015,"19/01/2015",3,"https://www.rosario.gob.ar/normativa/ver/documento.do?accion=getPdf&id=517&modo=attachment"
488,2015,"16/01/2015",1,"https://www.rosario.gob.ar/normativa/ver/documento.do?accion=getPdf&id=516&modo=attachment"
487,2015,"15/01/2015",1,"https://www.rosario.gob.ar/normativa/ver/documento.do?accion=getPdf&id=515&modo=attachment"
486,2015,"14/01/2015",5,"https://www.rosario.gob.ar/normativa/ver/documento.do?accion=getPdf&id=514&modo=attachment"
485,2015,"13/01/2015",1,"https://www.rosario.gob.ar/normativa/ver/documento.do?accion=getPdf&id=513&modo=attachment"
484,2015,"07/01/2015",4,"https://www.rosario.gob.ar/normativa/ver/documento.do?accion=getPdf&id=512&modo=attachment"
483,2014,"30/12/2014",6,"https://www.rosario.gob.ar/normativa/ver/documento.do?accion=getPdf&id=511&modo=attachment"
482,2014,"29/12/2014",4,"https://www.rosario.gob.ar/normativa/ver/documento.do?accion=getPdf&id=510&modo=attachment"
481,2014,"23/12/2014",5,"https://www.rosario.gob.ar/normativa/ver/documento.do?accion=getPdf&id=509&modo=attachment"
480,2014,"18/12/2014",2,"https://www.rosario.gob.ar/normativa/ver/documento.do?accion=getPdf&id=508&modo=attachment"
479,2014,"17/12/2014",8,"https://www.rosario.gob.ar/normativa/ver/documento.do?accion=getPdf&id=507&modo=attachment"
478,2014,"15/12/2014",2,"https://www.rosario.gob.ar/normativa/ver/documento.do?accion=getPdf&id=506&modo=attachment"
477,2014,"12/12/2014",2,"https://www.rosario.gob.ar/normativa/ver/documento.do?accion=getPdf&id=505&modo=attachment"
476,2014,"11/12/2014",4,"https://www.rosario.gob.ar/normativa/ver/documento.do?accion=getPdf&id=504&modo=attachment"
475,2014,"04/12/2014",3,"https://www.rosario.gob.ar/normativa/ver/documento.do?accion=getPdf&id=503&modo=attachment"
474,2014,"01/12/2014",3,"https://www.rosario.gob.ar/normativa/ver/documento.do?accion=getPdf&id=502&modo=attachment"
473,2014,"28/11/2014",6,"https://www.rosario.gob.ar/normativa/ver/documento.do?accion=getPdf&id=501&modo=attachment"
472,2014,"21/11/2014",1,"https://www.rosario.gob.ar/normativa/ver/documento.do?accion=getPdf&id=499&modo=attachment"
471,2014,"18/11/2014",1,"https://www.rosario.gob.ar/normativa/ver/documento.do?accion=getPdf&id=497&modo=attachment"
470,2014,"14/11/2014",4,"https://www.rosario.gob.ar/normativa/ver/documento.do?accion=getPdf&id=496&modo=attachment"
469,2014,"13/11/2014",5,"https://www.rosario.gob.ar/normativa/ver/documento.do?accion=getPdf&id=495&modo=attachment"
468,2014,"10/11/2014",3,"https://www.rosario.gob.ar/normativa/ver/documento.do?accion=getPdf&id=494&modo=attachment"
467,2014,"07/11/2014",5,"https://www.rosario.gob.ar/normativa/ver/documento.do?accion=getPdf&id=493&modo=attachment"
466,2014,"04/11/2014",6,"https://www.rosario.gob.ar/normativa/ver/documento.do?accion=getPdf&id=492&modo=attachment"
465,2014,"30/10/2014",4,"https://www.rosario.gob.ar/normativa/ver/documento.do?accion=getPdf&id=491&modo=attachment"
464,2014,"29/10/2014",1,"https://www.rosario.gob.ar/normativa/ver/documento.do?accion=getPdf&id=490&modo=attachment"
463,2014,"28/10/2014",15,"https://www.rosario.gob.ar/normativa/ver/documento.do?accion=getPdf&id=489&modo=attachment"
462,2014,"23/10/2014",8,"https://www.rosario.gob.ar/normativa/ver/documento.do?accion=getPdf&id=488&modo=attachment"
461,2014,"22/10/2014",3,"https://www.rosario.gob.ar/normativa/ver/documento.do?accion=getPdf&id=487&modo=attachment"
460,2014,"17/10/2014",2,"https://www.rosario.gob.ar/normativa/ver/documento.do?accion=getPdf&id=486&modo=attachment"
459,2014,"14/10/2014",5,"https://www.rosario.gob.ar/normativa/ver/documento.do?accion=getPdf&id=485&modo=attachment"
458,2014,"09/10/2014",4,"https://www.rosario.gob.ar/normativa/ver/documento.do?accion=getPdf&id=484&modo=attachment"
457,2014,"03/10/2014",4,"https://www.rosario.gob.ar/normativa/ver/documento.do?accion=getPdf&id=483&modo=attachment"
456,2014,"02/10/2014",2,"https://www.rosario.gob.ar/normativa/ver/documento.do?accion=getPdf&id=482&modo=attachment"
454,2014,"26/09/2014",5,"https://www.rosario.gob.ar/normativa/ver/documento.do?accion=getPdf&id=480&modo=attachment"
453,2014,"22/09/2014",6,"https://www.rosario.gob.ar/normativa/ver/documento.do?accion=getPdf&id=479&modo=attachment"
452,2014,"19/09/2014",1,"https://www.rosario.gob.ar/normativa/ver/documento.do?accion=getPdf&id=478&modo=attachment"
451,2014,"16/09/2014",1,"https://www.rosario.gob.ar/normativa/ver/documento.do?accion=getPdf&id=477&modo=attachment"
450,2014,"12/09/2014",2,"https://www.rosario.gob.ar/normativa/ver/documento.do?accion=getPdf&id=476&modo=attachment"
449,2014,"10/09/2014",2,"https://www.rosario.gob.ar/normativa/ver/documento.do?accion=getPdf&id=475&modo=attachment"
448,2014,"08/09/2014",1,"https://www.rosario.gob.ar/normativa/ver/documento.do?accion=getPdf&id=474&modo=attachment"
447,2014,"03/09/2014",4,"https://www.rosario.gob.ar/normativa/ver/documento.do?accion=getPdf&id=473&modo=attachment"
446,2014,"28/08/2014",5,"https://www.rosario.gob.ar/normativa/ver/documento.do?accion=getPdf&id=472&modo=attachment"
445,2014,"25/08/2014",3,"https://www.rosario.gob.ar/normativa/ver/documento.do?accion=getPdf&id=471&modo=attachment"
444,2014,"21/08/2014",5,"https://www.rosario.gob.ar/normativa/ver/documento.do?accion=getPdf&id=470&modo=attachment"
443,2014,"19/08/2014",12,"https://www.rosario.gob.ar/normativa/ver/documento.do?accion=getPdf&id=469&modo=attachment"
442,2014,"12/08/2014",8,"https://www.rosario.gob.ar/normativa/ver/documento.do?accion=getPdf&id=468&modo=attachment"
441,2014,"06/08/2014",1,"https://www.rosario.gob.ar/normativa/ver/documento.do?accion=getPdf&id=465&modo=attachment"
440,2014,"01/08/2014",5,"https://www.rosario.gob.ar/normativa/ver/documento.do?accion=getPdf&id=464&modo=attachment"
439,2014,"29/07/2014",1,"https://www.rosario.gob.ar/normativa/ver/documento.do?accion=getPdf&id=463&modo=attachment"
438,2014,"28/07/2014",5,"https://www.rosario.gob.ar/normativa/ver/documento.do?accion=getPdf&id=462&modo=attachment"
437,2014,"25/07/2014",2,"https://www.rosario.gob.ar/normativa/ver/documento.do?accion=getPdf&id=461&modo=attachment"
436,2014,"22/07/2014",4,"https://www.rosario.gob.ar/normativa/ver/documento.do?accion=getPdf&id=460&modo=attachment"
435,2014,"18/07/2014",1,"https://www.rosario.gob.ar/normativa/ver/documento.do?accion=getPdf&id=459&modo=attachment"
434,2014,"16/07/2014",2,"https://www.rosario.gob.ar/normativa/ver/documento.do?accion=getPdf&id=458&modo=attachment"
433,2014,"15/07/2014",4,"https://www.rosario.gob.ar/normativa/ver/documento.do?accion=getPdf&id=457&modo=attachment"
432,2014,"14/07/2014",3,"https://www.rosario.gob.ar/normativa/ver/documento.do?accion=getPdf&id=456&modo=attachment"
431,2014,"08/07/2014",5,"https://www.rosario.gob.ar/normativa/ver/documento.do?accion=getPdf&id=455&modo=attachment"
430,2014,"04/07/2014",2,"https://www.rosario.gob.ar/normativa/ver/documento.do?accion=getPdf&id=454&modo=attachment"
429,2014,"02/07/2014",2,"https://www.rosario.gob.ar/normativa/ver/documento.do?accion=getPdf&id=453&modo=attachment"
428,2014,"30/06/2014",3,"https://www.rosario.gob.ar/normativa/ver/documento.do?accion=getPdf&id=452&modo=attachment"
427,2014,"27/06/2014",3,"https://www.rosario.gob.ar/normativa/ver/documento.do?accion=getPdf&id=451&modo=attachment"
426,2014,"24/06/2014",1,"https://www.rosario.gob.ar/normativa/ver/documento.do?accion=getPdf&id=449&modo=attachment"
425,2014,"18/06/2014",5,"https://www.rosario.gob.ar/normativa/ver/documento.do?accion=getPdf&id=448&modo=attachment"
424,2014,"13/06/2014",3,"https://www.rosario.gob.ar/normativa/ver/documento.do?accion=getPdf&id=447&modo=attachment"
423,2014,"11/06/2014",1,"https://www.rosario.gob.ar/normativa/ver/documento.do?accion=getPdf&id=446&modo=attachment"
422,2014,"10/06/2014",1,"https://www.rosario.gob.ar/normativa/ver/documento.do?accion=getPdf&id=445&modo=attachment"
421,2014,"06/06/2014",3,"https://www.rosario.gob.ar/normativa/ver/documento.do?accion=getPdf&id=444&modo=attachment"
420,2014,"05/06/2014",9,"https://www.rosario.gob.ar/normativa/ver/documento.do?accion=getPdf&id=443&modo=attachment"
419,2014,"28/05/2014",11,"https://www.rosario.gob.ar/normativa/ver/documento.do?accion=getPdf&id=442&modo=attachment"
418,2014,"27/05/2014",8,"https://www.rosario.gob.ar/normativa/ver/documento.do?accion=getPdf&id=441&modo=attachment"
417,2014,"26/05/2014",2,"https://www.rosario.gob.ar/normativa/ver/documento.do?accion=getPdf&id=440&modo=attachment"
416,2014,"23/05/2014",1,"https://www.rosario.gob.ar/normativa/ver/documento.do?accion=getPdf&id=439&modo=attachment"
415,2014,"21/05/2014",4,"https://www.rosario.gob.ar/normativa/ver/documento.do?accion=getPdf&id=438&modo=attachment"
414,2014,"19/05/2014",3,"https://www.rosario.gob.ar/normativa/ver/documento.do?accion=getPdf&id=437&modo=attachment"
413,2014,"16/05/2014",1,"https://www.rosario.gob.ar/normativa/ver/documento.do?accion=getPdf&id=436&modo=attachment"
412,2014,"13/05/2014",1,"https://www.rosario.gob.ar/normativa/ver/documento.do?accion=getPdf&id=435&modo=attachment"
411,2014,"09/05/2014",6,"https://www.rosario.gob.ar/normativa/ver/documento.do?accion=getPdf&id=434&modo=attachment"
410,2014,"28/04/2014",4,"https://www.rosario.gob.ar/normativa/ver/documento.do?accion=getPdf&id=433&modo=attachment"
409,2014,"25/04/2014",7,"https://www.rosario.gob.ar/normativa/ver/documento.do?accion=getPdf&id=432&modo=attachment"
408,2014,"23/04/2014",2,"https://www.rosario.gob.ar/normativa/ver/documento.do?accion=getPdf&id=431&modo=attachment"
407,2014,"22/04/2014",3,"https://www.rosario.gob.ar/normativa/ver/documento.do?accion=getPdf&id=430&modo=attachment"
406,2014,"21/04/2014",5,"https://www.rosario.gob.ar/normativa/ver/documento.do?accion=getPdf&id=429&modo=attachment"
405,2014,"16/04/2014",1,"https://www.rosario.gob.ar/normativa/ver/documento.do?accion=getPdf&id=428&modo=attachment"
404,2014,"15/04/2014",3,"https://www.rosario.gob.ar/normativa/ver/documento.do?accion=getPdf&id=427&modo=attachment"
403,2014,"10/04/2014",2,"https://www.rosario.gob.ar/normativa/ver/documento.do?accion=getPdf&id=426&modo=attachment"
402,2014,"09/04/2014",2,"https://www.rosario.gob.ar/normativa/ver/documento.do?accion=getPdf&id=425&modo=attachment"
401,2014,"07/04/2014",4,"https://www.rosario.gob.ar/normativa/ver/documento.do?accion=getPdf&id=424&modo=attachment"
400,2014,"04/04/2014",3,"https://www.rosario.gob.ar/normativa/ver/documento.do?accion=getPdf&id=423&modo=attachment"
399,2014,"03/04/2014",3,"https://www.rosario.gob.ar/normativa/ver/documento.do?accion=getPdf&id=422&modo=attachment"
398,2014,"01/04/2014",6,"https://www.rosario.gob.ar/normativa/ver/documento.do?accion=getPdf&id=421&modo=attachment"
397,2014,"28/03/2014",1,"https://www.rosario.gob.ar/normativa/ver/documento.do?accion=getPdf&id=420&modo=attachment"
396,2014,"26/03/2014",6,"https://www.rosario.gob.ar/normativa/ver/documento.do?accion=getPdf&id=419&modo=attachment"
395,2014,"21/03/2014",2,"https://www.rosario.gob.ar/normativa/ver/documento.do?accion=getPdf&id=418&modo=attachment"
394,2014,"19/03/2014",3,"https://www.rosario.gob.ar/normativa/ver/documento.do?accion=getPdf&id=417&modo=attachment"
393,2014,"18/03/2014",4,"https://www.rosario.gob.ar/normativa/ver/documento.do?accion=getPdf&id=416&modo=attachment"
392,2014,"05/03/2014",3,"https://www.rosario.gob.ar/normativa/ver/documento.do?accion=getPdf&id=415&modo=attachment"
391,2014,"28/02/2014",2,"https://www.rosario.gob.ar/normativa/ver/documento.do?accion=getPdf&id=414&modo=attachment"
390,2014,"25/02/2014",1,"https://www.rosario.gob.ar/normativa/ver/documento.do?accion=getPdf&id=413&modo=attachment"
389,2014,"24/02/2014",1,"https://www.rosario.gob.ar/normativa/ver/documento.do?accion=getPdf&id=412&modo=attachment"
388,2014,"17/02/2014",1,"https://www.rosario.gob.ar/normativa/ver/documento.do?accion=getPdf&id=411&modo=attachment"
387,2014,"14/02/2014",5,"https://www.rosario.gob.ar/normativa/ver/documento.do?accion=getPdf&id=410&modo=attachment"
386,2014,"11/02/2014",2,"https://www.rosario.gob.ar/normativa/ver/documento.do?accion=getPdf&id=409&modo=attachment"
385,2014,"06/02/2014",1,"https://www.rosario.gob.ar/normativa/ver/documento.do?accion=getPdf&id=408&modo=attachment"
384,2014,"04/02/2014",2,"https://www.rosario.gob.ar/normativa/ver/documento.do?accion=getPdf&id=407&modo=attachment"
383,2014,"31/01/2014",1,"https://www.rosario.gob.ar/normativa/ver/documento.do?accion=getPdf&id=406&modo=attachment"
382,2014,"29/01/2014",4,"https://www.rosario.gob.ar/normativa/ver/documento.do?accion=getPdf&id=405&modo=attachment"
381,2014,"28/01/2014",7,"https://www.rosario.gob.ar/normativa/ver/documento.do?accion=getPdf&id=404&modo=attachment"
380,2014,"24/01/2014",2,"https://www.rosario.gob.ar/normativa/ver/documento.do?accion=getPdf&id=403&modo=attachment"
379,2014,"23/01/2014",3,"https://www.rosario.gob.ar/normativa/ver/documento.do?accion=getPdf&id=402&modo=attachment"
378,2014,"21/01/2014",6,"https://www.rosario.gob.ar/normativa/ver/documento.do?accion=getPdf&id=401&modo=attachment"
377,2014,"17/01/2014",10,"https://www.rosario.gob.ar/normativa/ver/documento.do?accion=getPdf&id=399&modo=attachment"
376,2014,"16/01/2014",1,"https://www.rosario.gob.ar/normativa/ver/documento.do?accion=getPdf&id=398&modo=attachment"
375,2014,"10/01/2014",4,"https://www.rosario.gob.ar/normativa/ver/documento.do?accion=getPdf&id=397&modo=attachment"
374,2014,"09/01/2014",4,"https://www.rosario.gob.ar/normativa/ver/documento.do?accion=getPdf&id=396&modo=attachment"
373,2014,"03/01/2014",2,"https://www.rosario.gob.ar/normativa/ver/documento.do?accion=getPdf&id=395&modo=attachment"
372,2014,"02/01/2014",5,"https://www.rosario.gob.ar/normativa/ver/documento.do?accion=getPdf&id=394&modo=attachment"
371,2013,"27/12/2013",6,"https://www.rosario.gob.ar/normativa/ver/documento.do?accion=getPdf&id=393&modo=attachment"
370,2013,"26/12/2013",12,"https://www.rosario.gob.ar/normativa/ver/documento.do?accion=getPdf&id=392&modo=attachment"
369,2013,"23/12/2013",5,"https://www.rosario.gob.ar/normativa/ver/documento.do?accion=getPdf&id=391&modo=attachment"
368,2013,"19/12/2013",2,"https://www.rosario.gob.ar/normativa/ver/documento.do?accion=getPdf&id=390&modo=attachment"
367,2013,"18/12/2013",6,"https://www.rosario.gob.ar/normativa/ver/documento.do?accion=getPdf&id=389&modo=attachment"
366,2013,"13/12/2013",2,"https://www.rosario.gob.ar/normativa/ver/documento.do?accion=getPdf&id=388&modo=attachment"
365,2013,"10/12/2013",1,"https://www.rosario.gob.ar/normativa/ver/documento.do?accion=getPdf&id=385&modo=attachment"
364,2013,"05/12/2013",3,"https://www.rosario.gob.ar/normativa/ver/documento.do?accion=getPdf&id=384&modo=attachment"
363,2013,"04/12/2013",4,"https://www.rosario.gob.ar/normativa/ver/documento.do?accion=getPdf&id=383&modo=attachment"
362,2013,"02/12/2013",2,"https://www.rosario.gob.ar/normativa/ver/documento.do?accion=getPdf&id=382&modo=attachment"
361,2013,"28/11/2013",2,"https://www.rosario.gob.ar/normativa/ver/documento.do?accion=getPdf&id=381&modo=attachment"
360,2013,"27/11/2013",2,"https://www.rosario.gob.ar/normativa/ver/documento.do?accion=getPdf&id=380&modo=attachment"
359,2013,"21/11/2013",4,"https://www.rosario.gob.ar/normativa/ver/documento.do?accion=getPdf&id=378&modo=attachment"
358,2013,"19/11/2013",6,"https://www.rosario.gob.ar/normativa/ver/documento.do?accion=getPdf&id=377&modo=attachment"
357,2013,"06/11/2013",1,"https://www.rosario.gob.ar/normativa/ver/documento.do?accion=getPdf&id=376&modo=attachment"
356,2013,"04/11/2013",3,"https://www.rosario.gob.ar/normativa/ver/documento.do?accion=getPdf&id=375&modo=attachment"
355,2013,"30/10/2013",1,"https://www.rosario.gob.ar/normativa/ver/documento.do?accion=getPdf&id=374&modo=attachment"
354,2013,"29/10/2013",2,"https://www.rosario.gob.ar/normativa/ver/documento.do?accion=getPdf&id=373&modo=attachment"
353,2013,"28/10/2013",1,"https://www.rosario.gob.ar/normativa/ver/documento.do?accion=getPdf&id=372&modo=attachment"
352,2013,"25/10/2013",5,"https://www.rosario.gob.ar/normativa/ver/documento.do?accion=getPdf&id=371&modo=attachment"
351,2013,"22/10/2013",2,"https://www.rosario.gob.ar/normativa/ver/documento.do?accion=getPdf&id=368&modo=attachment"
350,2013,"18/10/2013",2,"https://www.rosario.gob.ar/normativa/ver/documento.do?accion=getPdf&id=367&modo=attachment"
349,2013,"17/10/2013",1,"https://www.rosario.gob.ar/normativa/ver/documento.do?accion=getPdf&id=366&modo=attachment"
348,2013,"16/10/2013",6,"https://www.rosario.gob.ar/normativa/ver/documento.do?accion=getPdf&id=365&modo=attachment"
347,2013,"15/10/2013",1,"https://www.rosario.gob.ar/normativa/ver/documento.do?accion=getPdf&id=364&modo=attachment"
346,2013,"11/10/2013",4,"https://www.rosario.gob.ar/normativa/ver/documento.do?accion=getPdf&id=363&modo=attachment"
345,2013,"09/10/2013",1,"https://www.rosario.gob.ar/normativa/ver/documento.do?accion=getPdf&id=362&modo=attachment"
344,2013,"08/10/2013",2,"https://www.rosario.gob.ar/normativa/ver/documento.do?accion=getPdf&id=361&modo=attachment"
343,2013,"26/09/2013",6,"https://www.rosario.gob.ar/normativa/ver/documento.do?accion=getPdf&id=360&modo=attachment"
342,2013,"24/09/2013",1,"https://www.rosario.gob.ar/normativa/ver/documento.do?accion=getPdf&id=359&modo=attachment"
341,2013,"23/09/2013",1,"https://www.rosario.gob.ar/normativa/ver/documento.do?accion=getPdf&id=358&modo=attachment"
340,2013,"20/09/2013",1,"https://www.rosario.gob.ar/normativa/ver/documento.do?accion=getPdf&id=357&modo=attachment"
339,2013,"16/09/2013",2,"https://www.rosario.gob.ar/normativa/ver/documento.do?accion=getPdf&id=356&modo=attachment"
338,2013,"12/09/2013",2,"https://www.rosario.gob.ar/normativa/ver/documento.do?accion=getPdf&id=355&modo=attachment"
337,2013,"09/09/2013",1,"https://www.rosario.gob.ar/normativa/ver/documento.do?accion=getPdf&id=354&modo=attachment"
336,2013,"05/09/2013",1,"https://www.rosario.gob.ar/normativa/ver/documento.do?accion=getPdf&id=353&modo=attachment"
335,2013,"04/09/2013",3,"https://www.rosario.gob.ar/normativa/ver/documento.do?accion=getPdf&id=352&modo=attachment"
334,2013,"03/09/2013",1,"https://www.rosario.gob.ar/normativa/ver/documento.do?accion=getPdf&id=351&modo=attachment"
333,2013,"02/09/2013",2,"https://www.rosario.gob.ar/normativa/ver/documento.do?accion=getPdf&id=350&modo=attachment"
332,2013,"28/08/2013",1,"https://www.rosario.gob.ar/normativa/ver/documento.do?accion=getPdf&id=349&modo=attachment"
331,2013,"27/08/2013",2,"https://www.rosario.gob.ar/normativa/ver/documento.do?accion=getPdf&id=348&modo=attachment"
330,2013,"26/08/2013",1,"https://www.rosario.gob.ar/normativa/ver/documento.do?accion=getPdf&id=347&modo=attachment"
329,2013,"23/08/2013",1,"https://www.rosario.gob.ar/normativa/ver/documento.do?accion=getPdf&id=346&modo=attachment"
328,2013,"15/08/2013",1,"https://www.rosario.gob.ar/normativa/ver/documento.do?accion=getPdf&id=345&modo=attachment"
327,2013,"13/08/2013",2,"https://www.rosario.gob.ar/normativa/ver/documento.do?accion=getPdf&id=344&modo=attachment"
326,2013,"07/08/2013",3,"https://www.rosario.gob.ar/normativa/ver/documento.do?accion=getPdf&id=343&modo=attachment"
325,2013,"06/08/2013",1,"https://www.rosario.gob.ar/normativa/ver/documento.do?accion=getPdf&id=342&modo=attachment"
324,2013,"05/08/2013",4,"https://www.rosario.gob.ar/normativa/ver/documento.do?accion=getPdf&id=341&modo=attachment"
323,2013,"25/07/2013",2,"https://www.rosario.gob.ar/normativa/ver/documento.do?accion=getPdf&id=336&modo=attachment"
322,2013,"22/07/2013",2,"https://www.rosario.gob.ar/normativa/ver/documento.do?accion=getPdf&id=335&modo=attachment"
321,2013,"19/07/2013",4,"https://www.rosario.gob.ar/normativa/ver/documento.do?accion=getPdf&id=334&modo=attachment"
320,2013,"17/07/2013",1,"https://www.rosario.gob.ar/normativa/ver/documento.do?accion=getPdf&id=333&modo=attachment"
319,2013,"16/07/2013",2,"https://www.rosario.gob.ar/normativa/ver/documento.do?accion=getPdf&id=332&modo=attachment"
318,2013,"12/07/2013",2,"https://www.rosario.gob.ar/normativa/ver/documento.do?accion=getPdf&id=331&modo=attachment"
317,2013,"11/07/2013",4,"https://www.rosario.gob.ar/normativa/ver/documento.do?accion=getPdf&id=330&modo=attachment"
316,2013,"10/07/2013",3,"https://www.rosario.gob.ar/normativa/ver/documento.do?accion=getPdf&id=329&modo=attachment"
315,2013,"08/07/2013",3,"https://www.rosario.gob.ar/normativa/ver/documento.do?accion=getPdf&id=328&modo=attachment"
314,2013,"03/07/2013",5,"https://www.rosario.gob.ar/normativa/ver/documento.do?accion=getPdf&id=325&modo=attachment"
313,2013,"02/07/2013",4,"https://www.rosario.gob.ar/normativa/ver/documento.do?accion=getPdf&id=324&modo=attachment"
312,2013,"27/06/2013",3,"https://www.rosario.gob.ar/normativa/ver/documento.do?accion=getPdf&id=323&modo=attachment"
311,2013,"24/06/2013",2,"https://www.rosario.gob.ar/normativa/ver/documento.do?accion=getPdf&id=322&modo=attachment"
310,2013,"19/06/2013",1,"https://www.rosario.gob.ar/normativa/ver/documento.do?accion=getPdf&id=321&modo=attachment"
309,2013,"17/06/2013",2,"https://www.rosario.gob.ar/normativa/ver/documento.do?accion=getPdf&id=320&modo=attachment"
308,2013,"13/06/2013",2,"https://www.rosario.gob.ar/normativa/ver/documento.do?accion=getPdf&id=319&modo=attachment"
307,2013,"12/06/2013",2,"https://www.rosario.gob.ar/normativa/ver/documento.do?accion=getPdf&id=318&modo=attachment"
306,2013,"06/06/2013",1,"https://www.rosario.gob.ar/normativa/ver/documento.do?accion=getPdf&id=317&modo=attachment"
305,2013,"05/06/2013",1,"https://www.rosario.gob.ar/normativa/ver/documento.do?accion=getPdf&id=316&modo=attachment"
304,2013,"04/06/2013",2,"https://www.rosario.gob.ar/normativa/ver/documento.do?accion=getPdf&id=315&modo=attachment"
303,2013,"03/06/2013",1,"https://www.rosario.gob.ar/normativa/ver/documento.do?accion=getPdf&id=314&modo=attachment"
302,2013,"31/05/2013",2,"https://www.rosario.gob.ar/normativa/ver/documento.do?accion=getPdf&id=313&modo=attachment"
301,2013,"29/05/2013",5,"https://www.rosario.gob.ar/normativa/ver/documento.do?accion=getPdf&id=312&modo=attachment"
300,2013,"28/05/2013",2,"https://www.rosario.gob.ar/normativa/ver/documento.do?accion=getPdf&id=311&modo=attachment"
299,2013,"24/05/2013",1,"https://www.rosario.gob.ar/normativa/ver/documento.do?accion=getPdf&id=310&modo=attachment"
298,2013,"23/05/2013",2,"https://www.rosario.gob.ar/normativa/ver/documento.do?accion=getPdf&id=309&modo=attachment"
297,2013,"21/05/2013",3,"https://www.rosario.gob.ar/normativa/ver/documento.do?accion=getPdf&id=308&modo=attachment"
296,2013,"20/05/2013",1,"https://www.rosario.gob.ar/normativa/ver/documento.do?accion=getPdf&id=307&modo=attachment"
295,2013,"15/05/2013",1,"https://www.rosario.gob.ar/normativa/ver/documento.do?accion=getPdf&id=306&modo=attachment"
294,2013,"14/05/2013",2,"https://www.rosario.gob.ar/normativa/ver/documento.do?accion=getPdf&id=305&modo=attachment"
293,2013,"08/05/2013",2,"https://www.rosario.gob.ar/normativa/ver/documento.do?accion=getPdf&id=304&modo=attachment"
292,2013,"06/05/2013",1,"https://www.rosario.gob.ar/normativa/ver/documento.do?accion=getPdf&id=303&modo=attachment"
291,2013,"02/05/2013",1,"https://www.rosario.gob.ar/normativa/ver/documento.do?accion=getPdf&id=302&modo=attachment"
290,2013,"30/04/2013",1,"https://www.rosario.gob.ar/normativa/ver/documento.do?accion=getPdf&id=301&modo=attachment"
289,2013,"25/04/2013",1,"https://www.rosario.gob.ar/normativa/ver/documento.do?accion=getPdf&id=300&modo=attachment"
288,2013,"23/04/2013",1,"https://www.rosario.gob.ar/normativa/ver/documento.do?accion=getPdf&id=299&modo=attachment"
287,2013,"22/04/2013",2,"https://www.rosario.gob.ar/normativa/ver/documento.do?accion=getPdf&id=298&modo=attachment"
286,2013,"19/04/2013",2,"https://www.rosario.gob.ar/normativa/ver/documento.do?accion=getPdf&id=297&modo=attachment"
285,2013,"18/04/2013",3,"https://www.rosario.gob.ar/normativa/ver/documento.do?accion=getPdf&id=296&modo=attachment"
284,2013,"15/04/2013",1,"https://www.rosario.gob.ar/normativa/ver/documento.do?accion=getPdf&id=295&modo=attachment"
283,2013,"12/04/2013",2,"https://www.rosario.gob.ar/normativa/ver/documento.do?accion=getPdf&id=294&modo=attachment"
282,2013,"08/04/2013",4,"https://www.rosario.gob.ar/normativa/ver/documento.do?accion=getPdf&id=293&modo=attachment"
281,2013,"05/04/2013",2,"https://www.rosario.gob.ar/normativa/ver/documento.do?accion=getPdf&id=292&modo=attachment"
280,2013,"04/04/2013",1,"https://www.rosario.gob.ar/normativa/ver/documento.do?accion=getPdf&id=291&modo=attachment"
279,2013,"03/04/2013",3,"https://www.rosario.gob.ar/normativa/ver/documento.do?accion=getPdf&id=290&modo=attachment"
278,2013,"25/03/2013",1,"https://www.rosario.gob.ar/normativa/ver/documento.do?accion=getPdf&id=289&modo=attachment"
277,2013,"21/03/2013",3,"https://www.rosario.gob.ar/normativa/ver/documento.do?accion=getPdf&id=288&modo=attachment"
276,2013,"19/03/2013",1,"https://www.rosario.gob.ar/normativa/ver/documento.do?accion=getPdf&id=287&modo=attachment"
275,2013,"18/03/2013",2,"https://www.rosario.gob.ar/normativa/ver/documento.do?accion=getPdf&id=286&modo=attachment"
274,2013,"15/03/2013",2,"https://www.rosario.gob.ar/normativa/ver/documento.do?accion=getPdf&id=285&modo=attachment"
273,2013,"13/03/2013",5,"https://www.rosario.gob.ar/normativa/ver/documento.do?accion=getPdf&id=284&modo=attachment"
272,2013,"12/03/2013",2,"https://www.rosario.gob.ar/normativa/ver/documento.do?accion=getPdf&id=283&modo=attachment"
271,2013,"11/03/2013",2,"https://www.rosario.gob.ar/normativa/ver/documento.do?accion=getPdf&id=282&modo=attachment"
270,2013,"07/03/2013",2,"https://www.rosario.gob.ar/normativa/ver/documento.do?accion=getPdf&id=281&modo=attachment"
269,2013,"05/03/2013",1,"https://www.rosario.gob.ar/normativa/ver/documento.do?accion=getPdf&id=280&modo=attachment"
268,2013,"04/03/2013",1,"https://www.rosario.gob.ar/normativa/ver/documento.do?accion=getPdf&id=279&modo=attachment"
267,2013,"27/02/2013",1,"https://www.rosario.gob.ar/normativa/ver/documento.do?accion=getPdf&id=278&modo=attachment"
266,2013,"25/02/2013",4,"https://www.rosario.gob.ar/normativa/ver/documento.do?accion=getPdf&id=277&modo=attachment"
265,2013,"18/02/2013",1,"https://www.rosario.gob.ar/normativa/ver/documento.do?accion=getPdf&id=276&modo=attachment"
264,2013,"14/02/2013",4,"https://www.rosario.gob.ar/normativa/ver/documento.do?accion=getPdf&id=275&modo=attachment"
263,2013,"08/02/2013",1,"https://www.rosario.gob.ar/normativa/ver/documento.do?accion=getPdf&id=274&modo=attachment"
262,2013,"07/02/2013",3,"https://www.rosario.gob.ar/normativa/ver/documento.do?accion=getPdf&id=273&modo=attachment"
261,2013,"06/02/2013",1,"https://www.rosario.gob.ar/normativa/ver/documento.do?accion=getPdf&id=272&modo=attachment"
260,2013,"04/02/2013",3,"https://www.rosario.gob.ar/normativa/ver/documento.do?accion=getPdf&id=271&modo=attachment"
259,2013,"01/02/2013",4,"https://www.rosario.gob.ar/normativa/ver/documento.do?accion=getPdf&id=270&modo=attachment"
258,2013,"29/01/2013",1,"https://www.rosario.gob.ar/normativa/ver/documento.do?accion=getPdf&id=269&modo=attachment"
257,2013,"28/01/2013",2,"https://www.rosario.gob.ar/normativa/ver/documento.do?accion=getPdf&id=268&modo=attachment"
256,2013,"24/01/2013",2,"https://www.rosario.gob.ar/normativa/ver/documento.do?accion=getPdf&id=267&modo=attachment"
255,2013,"23/01/2013",1,"https://www.rosario.gob.ar/normativa/ver/documento.do?accion=getPdf&id=266&modo=attachment"
254,2013,"22/01/2013",3,"https://www.rosario.gob.ar/normativa/ver/documento.do?accion=getPdf&id=265&modo=attachment"
253,2013,"21/01/2013",1,"https://www.rosario.gob.ar/normativa/ver/documento.do?accion=getPdf&id=264&modo=attachment"
252,2013,"18/01/2013",2,"https://www.rosario.gob.ar/normativa/ver/documento.do?accion=getPdf&id=263&modo=attachment"
251,2013,"16/01/2013",5,"https://www.rosario.gob.ar/normativa/ver/documento.do?accion=getPdf&id=262&modo=attachment"
250,2013,"14/01/2013",2,"https://www.rosario.gob.ar/normativa/ver/documento.do?accion=getPdf&id=261&modo=attachment"
249,2013,"11/01/2013",2,"https://www.rosario.gob.ar/normativa/ver/documento.do?accion=getPdf&id=260&modo=attachment"
248,2013,"10/01/2013",3,"https://www.rosario.gob.ar/normativa/ver/documento.do?accion=getPdf&id=259&modo=attachment"
247,2013,"09/01/2013",3,"https://www.rosario.gob.ar/normativa/ver/documento.do?accion=getPdf&id=258&modo=attachment"
246,2013,"08/01/2013",2,"https://www.rosario.gob.ar/normativa/ver/documento.do?accion=getPdf&id=257&modo=attachment"
245,2013,"07/01/2013",1,"https://www.rosario.gob.ar/normativa/ver/documento.do?accion=getPdf&id=256&modo=attachment"
244,2013,"02/01/2013",5,"https://www.rosario.gob.ar/normativa/ver/documento.do?accion=getPdf&id=254&modo=attachment"
243,2012,"28/12/2012",1,"https://www.rosario.gob.ar/normativa/ver/documento.do?accion=getPdf&id=253&modo=attachment"
242,2012,"26/12/2012",5,"https://www.rosario.gob.ar/normativa/ver/documento.do?accion=getPdf&id=252&modo=attachment"
241,2012,"21/12/2012",3,"https://www.rosario.gob.ar/normativa/ver/documento.do?accion=getPdf&id=251&modo=attachment"
240,2012,"19/12/2012",12,"https://www.rosario.gob.ar/normativa/ver/documento.do?accion=getPdf&id=250&modo=attachment"
239,2012,"17/12/2012",10,"https://www.rosario.gob.ar/normativa/ver/documento.do?accion=getPdf&id=249&modo=attachment"
238,2012,"06/12/2012",1,"https://www.rosario.gob.ar/normativa/ver/documento.do?accion=getPdf&id=247&modo=attachment"
237,2012,"05/12/2012",3,"https://www.rosario.gob.ar/normativa/ver/documento.do?accion=getPdf&id=246&modo=attachment"
236,2012,"04/12/2012",1,"https://www.rosario.gob.ar/normativa/ver/documento.do?accion=getPdf&id=245&modo=attachment"
235,2012,"03/12/2012",2,"https://www.rosario.gob.ar/normativa/ver/documento.do?accion=getPdf&id=244&modo=attachment"
234,2012,"29/11/2012",1,"https://www.rosario.gob.ar/normativa/ver/documento.do?accion=getPdf&id=243&modo=attachment"
233,2012,"28/11/2012",2,"https://www.rosario.gob.ar/normativa/ver/documento.do?accion=getPdf&id=242&modo=attachment"
232,2012,"27/11/2012",1,"https://www.rosario.gob.ar/normativa/ver/documento.do?accion=getPdf&id=241&modo=attachment"
231,2012,"22/11/2012",6,"https://www.rosario.gob.ar/normativa/ver/documento.do?accion=getPdf&id=240&modo=attachment"
230,2012,"21/11/2012",2,"https://www.rosario.gob.ar/normativa/ver/documento.do?accion=getPdf&id=239&modo=attachment"
229,2012,"20/11/2012",3,"https://www.rosario.gob.ar/normativa/ver/documento.do?accion=getPdf&id=238&modo=attachment"
228,2012,"19/11/2012",2,"https://www.rosario.gob.ar/normativa/ver/documento.do?accion=getPdf&id=237&modo=attachment"
227,2012,"16/11/2012",3,"https://www.rosario.gob.ar/normativa/ver/documento.do?accion=getPdf&id=236&modo=attachment"
226,2012,"14/11/2012",2,"https://www.rosario.gob.ar/normativa/ver/documento.do?accion=getPdf&id=235&modo=attachment"
225,2012,"13/11/2012",1,"https://www.rosario.gob.ar/normativa/ver/documento.do?accion=getPdf&id=234&modo=attachment"
224,2012,"09/11/2012",1,"https://www.rosario.gob.ar/normativa/ver/documento.do?accion=getPdf&id=233&modo=attachment"
223,2012,"08/11/2012",3,"https://www.rosario.gob.ar/normativa/ver/documento.do?accion=getPdf&id=232&modo=attachment"
222,2012,"06/11/2012",4,"https://www.rosario.gob.ar/normativa/ver/documento.do?accion=getPdf&id=230&modo=attachment"
221,2012,"02/11/2012",6,"https://www.rosario.gob.ar/normativa/ver/documento.do?accion=getPdf&id=229&modo=attachment"
220,2012,"31/10/2012",2,"https://www.rosario.gob.ar/normativa/ver/documento.do?accion=getPdf&id=228&modo=attachment"
219,2012,"30/10/2012",1,"https://www.rosario.gob.ar/normativa/ver/documento.do?accion=getPdf&id=227&modo=attachment"
218,2012,"29/10/2012",4,"https://www.rosario.gob.ar/normativa/ver/documento.do?accion=getPdf&id=226&modo=attachment"
217,2012,"26/10/2012",1,"https://www.rosario.gob.ar/normativa/ver/documento.do?accion=getPdf&id=225&modo=attachment"
216,2012,"24/10/2012",2,"https://www.rosario.gob.ar/normativa/ver/documento.do?accion=getPdf&id=224&modo=attachment"
215,2012,"23/10/2012",1,"https://www.rosario.gob.ar/normativa/ver/documento.do?accion=getPdf&id=223&modo=attachment"
214,2012,"18/10/2012",2,"https://www.rosario.gob.ar/normativa/ver/documento.do?accion=getPdf&id=222&modo=attachment"
213,2012,"15/10/2012",1,"https://www.rosario.gob.ar/normativa/ver/documento.do?accion=getPdf&id=221&modo=attachment"
212,2012,"11/10/2012",17,"https://www.rosario.gob.ar/normativa/ver/documento.do?accion=getPdf&id=220&modo=attachment"
211,2012,"10/10/2012",15,"https://www.rosario.gob.ar/normativa/ver/documento.do?accion=getPdf&id=219&modo=attachment"
210,2012,"26/09/2012",10,"https://www.rosario.gob.ar/normativa/ver/boletin.do?accion=ver2&id=218"
209,2012,"13/08/2012",29,"https://www.rosario.gob.ar/normativa/ver/boletin.do?accion=ver2&id=217"
208,2012,"09/08/2012",20,"https://www.rosario.gob.ar/normativa/ver/boletin.do?accion=ver2&id=216"
207,2012,"25/07/2012",19,"https://www.rosario.gob.ar/normativa/ver/boletin.do?accion=ver2&id=215"
206,2012,"28/06/2012",10,"https://www.rosario.gob.ar/normativa/ver/boletin.do?accion=ver2&id=214"
205,2012,"27/06/2012",27,"https://www.rosario.gob.ar/normativa/ver/boletin.do?accion=ver2&id=213"
204,2012,"04/06/2012",28,"https://www.rosario.gob.ar/normativa/ver/boletin.do?accion=ver2&id=212"
203,2012,"28/03/2012",24,"https://www.rosario.gob.ar/normativa/ver/boletin.do?accion=ver2&id=211"
202,2012,"20/03/2012",25,"https://www.rosario.gob.ar/normativa/ver/boletin.do?accion=ver2&id=210"
201,2012,"02/02/2012",4,"https://www.rosario.gob.ar/normativa/ver/boletin.do?accion=ver2&id=209"
200,2012,"27/01/2012",25,"https://www.rosario.gob.ar/normativa/ver/boletin.do?accion=ver2&id=208"
199,2011,"18/01/2012",44,"https://www.rosario.gob.ar/normativa/ver/boletin.do?accion=ver2&id=207"
198,2011,"11/01/2012",29,"https://www.rosario.gob.ar/normativa/ver/boletin.do?accion=ver2&id=206"
197,2011,"10/01/2012",30,"https://www.rosario.gob.ar/normativa/ver/boletin.do?accion=ver2&id=204"
196,2011,"16/11/2011",16,"https://www.rosario.gob.ar/normativa/ver/boletin.do?accion=ver2&id=203"
195,2011,"03/11/2011",15,"https://www.rosario.gob.ar/normativa/ver/boletin.do?accion=ver2&id=202"
194,2011,"17/10/2011",11,"https://www.rosario.gob.ar/normativa/ver/boletin.do?accion=ver2&id=201"
193,2011,"23/09/2011",15,"https://www.rosario.gob.ar/normativa/ver/boletin.do?accion=ver2&id=200"
192,2011,"06/09/2011",16,"https://www.rosario.gob.ar/normativa/ver/boletin.do?accion=ver2&id=199"
191,2011,"10/08/2011",16,"https://www.rosario.gob.ar/normativa/ver/boletin.do?accion=ver2&id=198"
190,2011,"05/08/2011",20,"https://www.rosario.gob.ar/normativa/ver/boletin.do?accion=ver2&id=197"
189,2011,"06/07/2011",20,"https://www.rosario.gob.ar/normativa/ver/boletin.do?accion=ver2&id=196"
188,2011,"22/06/2011",12,"https://www.rosario.gob.ar/normativa/ver/boletin.do?accion=ver2&id=195"
187,2011,"24/05/2011",6,"https://www.rosario.gob.ar/normativa/ver/boletin.do?accion=ver2&id=194"
186,2011,"09/05/2011",11,"https://www.rosario.gob.ar/normativa/ver/boletin.do?accion=ver2&id=193"
185,2011,"19/04/2011",22,"https://www.rosario.gob.ar/normativa/ver/boletin.do?accion=ver2&id=192"
184,2011,"05/04/2011",17,"https://www.rosario.gob.ar/normativa/ver/boletin.do?accion=ver2&id=191"
183,2011,"14/03/2011",23,"https://www.rosario.gob.ar/normativa/ver/boletin.do?accion=ver2&id=190"
182,2011,"22/02/2011",25,"https://www.rosario.gob.ar/normativa/ver/boletin.do?accion=ver2&id=189"
181,2011,"11/02/2011",19,"https://www.rosario.gob.ar/normativa/ver/boletin.do?accion=ver2&id=188"
180,2011,"04/02/2011",21,"https://www.rosario.gob.ar/normativa/ver/boletin.do?accion=ver2&id=187"
179,2011,"03/01/2011",22,"https://www.rosario.gob.ar/normativa/ver/boletin.do?accion=ver2&id=186"
178,2010,"29/11/2010",13,"https://www.rosario.gob.ar/normativa/ver/boletin.do?accion=ver2&id=185"
177,2010,"18/11/2010",20,"https://www.rosario.gob.ar/normativa/ver/boletin.do?accion=ver2&id=184"
176,2010,"28/10/2010",10,"https://www.rosario.gob.ar/normativa/ver/boletin.do?accion=ver2&id=182"
175,2010,"13/10/2010",15,"https://www.rosario.gob.ar/normativa/ver/boletin.do?accion=ver2&id=181"
174,2010,"22/09/2010",14,"https://www.rosario.gob.ar/normativa/ver/boletin.do?accion=ver2&id=180"
173,2010,"10/09/2010",18,"https://www.rosario.gob.ar/normativa/ver/boletin.do?accion=ver2&id=179"
172,2010,"06/09/2010",20,"https://www.rosario.gob.ar/normativa/ver/boletin.do?accion=ver2&id=178"
171,2010,"10/08/2010",11,"https://www.rosario.gob.ar/normativa/ver/boletin.do?accion=ver2&id=177"
170,2010,"28/07/2010",15,"https://www.rosario.gob.ar/normativa/ver/boletin.do?accion=ver2&id=176"
169,2010,"24/06/2010",16,"https://www.rosario.gob.ar/normativa/ver/boletin.do?accion=ver2&id=175"
168,2010,"08/06/2010",12,"https://www.rosario.gob.ar/normativa/ver/boletin.do?accion=ver2&id=174"
167,2010,"Abril 1º Quincena",6,"https://www.rosario.gob.ar/normativa/ver/boletin.do?accion=ver2&id=173"
166,2010,"Marzo 2º Quincena",7,"https://www.rosario.gob.ar/normativa/ver/boletin.do?accion=ver2&id=172"
165,2010,"Marzo 1º Quincena",6,"https://www.rosario.gob.ar/normativa/ver/boletin.do?accion=ver2&id=171"
164,2010,"Febrero 2º Quincena",11,"https://www.rosario.gob.ar/normativa/ver/boletin.do?accion=ver2&id=170"
163,2010,"Enero 2º Quincena",9,"https://www.rosario.gob.ar/normativa/ver/boletin.do?accion=ver2&id=169"
162,2010,"Enero 1º Quincena",13,"https://www.rosario.gob.ar/normativa/ver/boletin.do?accion=ver2&id=168"
161,2010,"Diciembre 2º Quincena",9,"https://www.rosario.gob.ar/normativa/ver/boletin.do?accion=ver2&id=167"
160,2010,"Diciembre 1º Quincena",18,"https://www.rosario.gob.ar/normativa/ver/boletin.do?accion=ver2&id=166"
159,2009,"Noviembre 2º Quincena",9,"https://www.rosario.gob.ar/normativa/ver/boletin.do?accion=ver2&id=165"
158,2009,"Noviembre 1º Quincena",10,"https://www.rosario.gob.ar/normativa/ver/boletin.do?accion=ver2&id=164"
157,2009,"Octubre 2º Quincena",11,"https://www.rosario.gob.ar/normativa/ver/boletin.do?accion=ver2&id=163"
156,2009,"Octubre 1º Quincena",8,"https://www.rosario.gob.ar/normativa/ver/boletin.do?accion=ver2&id=162"
155,2009,"Setiembre 2º Quincena",15,"https://www.rosario.gob.ar/normativa/ver/boletin.do?accion=ver2&id=161"
154,2009,"Septiembre 1º Quincena",4,"https://www.rosario.gob.ar/normativa/ver/boletin.do?accion=ver2&id=160"
153,2009,"Agosto 2º Quincena",10,"https://www.rosario.gob.ar/normativa/ver/boletin.do?accion=ver2&id=159"
152,2009,"Agosto 1º Quincena",5,"https://www.rosario.gob.ar/normativa/ver/boletin.do?accion=ver2&id=158"
151,2009,"Julio 2º Quincena",10,"https://www.rosario.gob.ar/normativa/ver/boletin.do?accion=ver2&id=157"
150,2009,"Julio 1º Quincena",15,"https://www.rosario.gob.ar/normativa/ver/boletin.do?accion=ver2&id=156"
149,2009,"Junio 2º Quincena",14,"https://www.rosario.gob.ar/normativa/ver/boletin.do?accion=ver2&id=155"
148,2009,"1º Quincena Junio",14,"https://www.rosario.gob.ar/normativa/ver/boletin.do?accion=ver2&id=154"
147,2009,"Mayo 2º Quincena",16,"https://www.rosario.gob.ar/normativa/ver/boletin.do?accion=ver2&id=153"
146,2009,"Mayo 1º Quincena",7,"https://www.rosario.gob.ar/normativa/ver/boletin.do?accion=ver2&id=152"
145,2009,"Abril 2º Quincena",21,"https://www.rosario.gob.ar/normativa/ver/boletin.do?accion=ver2&id=151"
144,2009,"Abril 2º Quincena",12,"https://www.rosario.gob.ar/normativa/ver/boletin.do?accion=ver2&id=150"
143,2009,"Marzo 2º Quincena",9,"https://www.rosario.gob.ar/normativa/ver/boletin.do?accion=ver2&id=149"
142,2009,"Marzo 1º Quincena",5,"https://www.rosario.gob.ar/normativa/ver/boletin.do?accion=ver2&id=148"
141,2009,"Marzo 1º Quincena",3,"https://www.rosario.gob.ar/normativa/ver/boletin.do?accion=ver2&id=147"
140,2009,"Febrero 1º Quincena",4,"https://www.rosario.gob.ar/normativa/ver/boletin.do?accion=ver2&id=146"
139,2009,"Enero 2º Quincena",8,"https://www.rosario.gob.ar/normativa/ver/boletin.do?accion=ver2&id=145"
138,2009,"Enero 1º Quincena",19,"https://www.rosario.gob.ar/normativa/ver/boletin.do?accion=ver2&id=144"
137,2008,"Diciembre 2º Quincena",15,"https://www.rosario.gob.ar/normativa/ver/boletin.do?accion=ver2&id=143"
136,2008,"Diciembre 1º Quincena",13,"https://www.rosario.gob.ar/normativa/ver/boletin.do?accion=ver2&id=142"
135,2008,"Noviembre 2º Quincena",17,"https://www.rosario.gob.ar/normativa/ver/boletin.do?accion=ver2&id=141"
134,2008,"Noviembre 1º Quincena",10,"https://www.rosario.gob.ar/normativa/ver/boletin.do?accion=ver2&id=140"
133,2008,"Octubre 2º Quincena",11,"https://www.rosario.gob.ar/normativa/ver/boletin.do?accion=ver2&id=139"
132,2008,"Octubre 1º Quincena",13,"https://www.rosario.gob.ar/normativa/ver/boletin.do?accion=ver2&id=138"
131,2008,"Septiembre 2º Quincena",6,"https://www.rosario.gob.ar/normativa/ver/boletin.do?accion=ver2&id=137"
130,2008,"Septiembre 1º Quincena",6,"https://www.rosario.gob.ar/normativa/ver/boletin.do?accion=ver2&id=136"
129,2008,"Agosto 2º Quincena",5,"https://www.rosario.gob.ar/normativa/ver/boletin.do?accion=ver2&id=135"
128,2008,"Agosto 1º Quincena",10,"https://www.rosario.gob.ar/normativa/ver/boletin.do?accion=ver2&id=134"
127,2008,"Julio 2º Quincena",7,"https://www.rosario.gob.ar/normativa/ver/boletin.do?accion=ver2&id=133"
126,2008,"Julio 1º Quincena",15,"https://www.rosario.gob.ar/normativa/ver/boletin.do?accion=ver2&id=132"
125,2008,"Junio 2º Quincena",11,"https://www.rosario.gob.ar/normativa/ver/boletin.do?accion=ver2&id=131"
124,2008,"Junio 1º Quincena",13,"https://www.rosario.gob.ar/normativa/ver/boletin.do?accion=ver2&id=130"
123,2008,"Mayo 2ª Quincena",13,"https://www.rosario.gob.ar/normativa/ver/boletin.do?accion=ver2&id=129"
122,2008,"Mayo 1º Quincena",14,"https://www.rosario.gob.ar/normativa/ver/boletin.do?accion=ver2&id=128"
121,2008,"Abril 2º Quincena",8,"https://www.rosario.gob.ar/normativa/ver/boletin.do?accion=ver2&id=127"
120,2008,"Abril 1º Quincena",6,"https://www.rosario.gob.ar/normativa/ver/boletin.do?accion=ver2&id=126"
119,2008,"Marzo 2º Quincena",8,"https://www.rosario.gob.ar/normativa/ver/boletin.do?accion=ver2&id=125"
118,2008,"Marzo 1º Quincena",6,"https://www.rosario.gob.ar/normativa/ver/boletin.do?accion=ver2&id=124"
117,2008,"Febrero 2º Quincena",6,"https://www.rosario.gob.ar/normativa/ver/boletin.do?accion=ver2&id=123"
116,2008,"Febrero 1º Quincena",13,"https://www.rosario.gob.ar/normativa/ver/boletin.do?accion=ver2&id=122"
115,2008,"Enero 2º Quincena",11,"https://www.rosario.gob.ar/normativa/ver/boletin.do?accion=ver2&id=121"
114,2008,"Enero 1º quincena",17,"https://www.rosario.gob.ar/normativa/ver/boletin.do?accion=ver2&id=119"
113,2007,"Diciembre 2º Quincena",10,"https://www.rosario.gob.ar/normativa/ver/boletin.do?accion=ver2&id=118"
112,2007,"Diciembre  1º Quincena",6,"https://www.rosario.gob.ar/normativa/ver/boletin.do?accion=ver2&id=120"
111,2007,"Noviembre 2º Quincena ",5,"https://www.rosario.gob.ar/normativa/ver/boletin.do?accion=ver2&id=117"
110,2007,"Noviembre 1º Quincena",11,"https://www.rosario.gob.ar/normativa/ver/boletin.do?accion=ver2&id=116"
109,2007,"octubre 2º Quincena",14,"https://www.rosario.gob.ar/normativa/ver/boletin.do?accion=ver2&id=114"
108,2007,"Octubre 2º Quincena",12,"https://www.rosario.gob.ar/normativa/ver/boletin.do?accion=ver2&id=115"
107,2007,"Setiembre 2º Quincena",7,"https://www.rosario.gob.ar/normativa/ver/boletin.do?accion=ver2&id=113"
106,2007,"Setiembre 1º Quincena",11,"https://www.rosario.gob.ar/normativa/ver/boletin.do?accion=ver2&id=112"
105,2007,"Agosto 2º Quincena",12,"https://www.rosario.gob.ar/normativa/ver/boletin.do?accion=ver2&id=111"
104,2007,"Agosto 1º Quincena",10,"https://www.rosario.gob.ar/normativa/ver/boletin.do?accion=ver2&id=110"
103,2007,"Julio 2º Quincena",12,"https://www.rosario.gob.ar/normativa/ver/boletin.do?accion=ver2&id=109"
102,2007,"Julio 1º Quincena",13,"https://www.rosario.gob.ar/normativa/ver/boletin.do?accion=ver2&id=108"
101,2007,"Junio 2º Quincena",9,"https://www.rosario.gob.ar/normativa/ver/boletin.do?accion=ver2&id=107"
100,2007,"Junio 1º Quincena",10,"https://www.rosario.gob.ar/normativa/ver/boletin.do?accion=ver2&id=106"
99,2007,"Mayo 2º quincena",12,"https://www.rosario.gob.ar/normativa/ver/boletin.do?accion=ver2&id=105"
98,2007,"Mayo 1º quincena",15,"https://www.rosario.gob.ar/normativa/ver/boletin.do?accion=ver2&id=104"
97,2007,"Abril 2º Quincena",16,"https://www.rosario.gob.ar/normativa/ver/boletin.do?accion=ver2&id=103"
96,2007,"abril 1º quincena",9,"https://www.rosario.gob.ar/normativa/ver/boletin.do?accion=ver2&id=102"
95,2007,"Marzo 2º quincena",10,"https://www.rosario.gob.ar/normativa/ver/boletin.do?accion=ver2&id=101"
94,2007,"Marzo 1º quincena",16,"https://www.rosario.gob.ar/normativa/ver/boletin.do?accion=ver2&id=100"
93,2007,"Febrero 2º Quincena",29,"https://www.rosario.gob.ar/normativa/ver/boletin.do?accion=ver2&id=99"
92,2007,"Febrero 1º quincena",18,"https://www.rosario.gob.ar/normativa/ver/boletin.do?accion=ver2&id=98"
91,2007,"Enero 2ª quincena",17,"https://www.rosario.gob.ar/normativa/ver/boletin.do?accion=ver2&id=97"
90,2007,"Enero 1ª quincena",24,"https://www.rosario.gob.ar/normativa/ver/boletin.do?accion=ver2&id=96"
89,2006,"Diciembre 2ª quincena",16,"https://www.rosario.gob.ar/normativa/ver/boletin.do?accion=ver2&id=95"
88,2006,"Diciembre 1ª quincena",22,"https://www.rosario.gob.ar/normativa/ver/boletin.do?accion=ver2&id=94"
87,2006,"Noviembre 2ª quincena",13,"https://www.rosario.gob.ar/normativa/ver/boletin.do?accion=ver2&id=92"
86,2006,"Noviembre 1ª quincena",16,"https://www.rosario.gob.ar/normativa/ver/boletin.do?accion=ver2&id=91"
85,2006,"Octubre 2ª quincena",14,"https://www.rosario.gob.ar/normativa/ver/boletin.do?accion=ver2&id=93"
84,2006,"Octubre 1ª quincena",10,"https://www.rosario.gob.ar/normativa/ver/boletin.do?accion=ver2&id=89"
83,2006,"Septiembre 2ª quincena",13,"https://www.rosario.gob.ar/normativa/ver/boletin.do?accion=ver2&id=88"
82,2006,"Septiembre 1ª quincena",12,"https://www.rosario.gob.ar/normativa/ver/boletin.do?accion=ver2&id=87"
81,2006,"Agosto 2ª quincena",16,"https://www.rosario.gob.ar/normativa/ver/boletin.do?accion=ver2&id=86"
80,2006,"Agosto 1ª quincena",11,"https://www.rosario.gob.ar/normativa/ver/boletin.do?accion=ver2&id=85"
79,2006,"Julio 2ª quincena",16,"https://www.rosario.gob.ar/normativa/ver/boletin.do?accion=ver2&id=84"
78,2006,"Julio 1ª quincena",13,"https://www.rosario.gob.ar/normativa/ver/boletin.do?accion=ver2&id=83"
77,2006,"Junio 2ª quincena",18,"https://www.rosario.gob.ar/normativa/ver/boletin.do?accion=ver2&id=82"
76,2006,"Junio 1ª quincena",17,"https://www.rosario.gob.ar/normativa/ver/boletin.do?accion=ver2&id=81"
75,2006,"Mayo 2ª quincena",13,"https://www.rosario.gob.ar/normativa/ver/boletin.do?accion=ver2&id=80"
74,2006,"Mayo 1ª quincena",8,"https://www.rosario.gob.ar/normativa/ver/boletin.do?accion=ver2&id=79"
73,2006,"Abril 2ª quincena",15,"https://www.rosario.gob.ar/normativa/ver/boletin.do?accion=ver2&id=78"
72,2006,"Abril 1ª quincena",8,"https://www.rosario.gob.ar/normativa/ver/boletin.do?accion=ver2&id=77"
71,2006,"Marzo 2a quincena",8,"https://www.rosario.gob.ar/normativa/ver/boletin.do?accion=ver2&id=76"
70,2006,"Marzo 1a quincena",8,"https://www.rosario.gob.ar/normativa/ver/boletin.do?accion=ver2&id=75"
69,2006,"Febrero 2a quincena",7,"https://www.rosario.gob.ar/normativa/ver/boletin.do?accion=ver2&id=74"
68,2006,"Febrero 1a quincena",26,"https://www.rosario.gob.ar/normativa/ver/boletin.do?accion=ver2&id=73"
67,2006,"Enero 2a quincena",21,"https://www.rosario.gob.ar/normativa/ver/boletin.do?accion=ver2&id=71"
66,2006,"Enero 1a quincena",17,"https://www.rosario.gob.ar/normativa/ver/boletin.do?accion=ver2&id=70"
65,2005,"Diciembre EDICION ESPECIAL",2,"https://www.rosario.gob.ar/normativa/ver/boletin.do?accion=ver2&id=72"
65,2005,"Diciembre 2a quincena",8,"https://www.rosario.gob.ar/normativa/ver/boletin.do?accion=ver2&id=69"
64,2005,"Diciembre 1a quincena",9,"https://www.rosario.gob.ar/normativa/ver/boletin.do?accion=ver2&id=68"
63,2005,"Noviembre 2a quincena",7,"https://www.rosario.gob.ar/normativa/ver/boletin.do?accion=ver2&id=67"
62,2005,"Noviembre 1a quincena",13,"https://www.rosario.gob.ar/normativa/ver/boletin.do?accion=ver2&id=66"
61,2005,"Octubre 2a quincena",18,"https://www.rosario.gob.ar/normativa/ver/boletin.do?accion=ver2&id=65"
60,2005,"Octubre 1a quincena",15,"https://www.rosario.gob.ar/normativa/ver/boletin.do?accion=ver2&id=53"
59,2005,"Septiembre 2a quincena",10,"https://www.rosario.gob.ar/normativa/ver/boletin.do?accion=ver2&id=52"
58,2005,"Septiembre 1a quincena",21,"https://www.rosario.gob.ar/normativa/ver/boletin.do?accion=ver2&id=49"
57,2005,"Agosto 2a quincena",21,"https://www.rosario.gob.ar/normativa/ver/boletin.do?accion=ver2&id=45"
56,2005,"Agosto 1a quincena",15,"https://www.rosario.gob.ar/normativa/ver/boletin.do?accion=ver2&id=40"
55,2005,"Julio 2a quincena",14,"https://www.rosario.gob.ar/normativa/ver/boletin.do?accion=ver2&id=36"
54,2005,"Julio 1ª quincena",5,"https://www.rosario.gob.ar/normativa/ver/boletin.do?accion=ver2&id=30"
53,2005,"Junio 2ª quincena",14,"https://www.rosario.gob.ar/normativa/ver/boletin.do?accion=ver2&id=26"
52,2005,"Junio 1ª quincena",11,"https://www.rosario.gob.ar/normativa/ver/boletin.do?accion=ver2&id=23"
51,2005,"Mayo 2ª quincena",14,"https://www.rosario.gob.ar/normativa/ver/boletin.do?accion=ver2&id=22"
50,2005,"Mayo 1ª quincena",10,"https://www.rosario.gob.ar/normativa/ver/boletin.do?accion=ver2&id=21"
49,2005,"Abril 2ª quincena",5,"https://www.rosario.gob.ar/normativa/ver/boletin.do?accion=ver2&id=20"
48,2005,"Abril 1ª quincena",17,"https://www.rosario.gob.ar/normativa/ver/boletin.do?accion=ver2&id=11"
47,2005,"Marzo 2ª quincena",14,"https://www.rosario.gob.ar/normativa/ver/boletin.do?accion=ver2&id=10"
46,2005,"Marzo 1ª quincena",8,"https://www.rosario.gob.ar/normativa/ver/boletin.do?accion=ver2&id=9"
45,2005,"Febrero 2ª quincena",23,"https://www.rosario.gob.ar/normativa/ver/boletin.do?accion=ver2&id=8"
44,2005,"Febrero 1ª quincena",19,"https://www.rosario.gob.ar/normativa/ver/boletin.do?accion=ver2&id=7"
43,2005,"Enero 2ª quincena",19,"https://www.rosario.gob.ar/normativa/ver/boletin.do?accion=ver2&id=3"
42,2005,"Enero 1ª quincena",26,"https://www.rosario.gob.ar/normativa/ver/boletin.do?accion=ver2&id=2"
41,2004,"Diciembre 2ª quincena",31,"https://www.rosario.gob.ar/normativa/ver/boletin.do?accion=ver2&id=19"
40,2004,"Diciembre 1ª quincena",27,"https://www.rosario.gob.ar/normativa/ver/boletin.do?accion=ver2&id=13"
39,2004,"Noviembre 2ª quincena",16,"https://www.rosario.gob.ar/normativa/ver/boletin.do?accion=ver2&id=12"
38,2004,"Noviembre 1ª quincena",26,"https://www.rosario.gob.ar/normativa/ver/boletin.do?accion=ver2&id=14"
37,2004,"Octubre 2ª quincena",30,"https://www.rosario.gob.ar/normativa/ver/boletin.do?accion=ver2&id=15"
36,2004,"Octubre 1ª quincena",38,"https://www.rosario.gob.ar/normativa/ver/boletin.do?accion=ver2&id=16"
35,2004,"Septiembre 2ª quincena",39,"https://www.rosario.gob.ar/normativa/ver/boletin.do?accion=ver2&id=17"
34,2004,"Septiembre 1ª quincena",27,"https://www.rosario.gob.ar/normativa/ver/boletin.do?accion=ver2&id=18"
33,2002,"Agosto ",21,"https://www.rosario.gob.ar/normativa/ver/boletin.do?accion=ver2&id=64"
32,2002,"Julio ",22,"https://www.rosario.gob.ar/normativa/ver/boletin.do?accion=ver2&id=59"
31,2002,"Mayo ",20,"https://www.rosario.gob.ar/normativa/ver/boletin.do?accion=ver2&id=58"
30,2002,"Marzo ",16,"https://www.rosario.gob.ar/normativa/ver/boletin.do?accion=ver2&id=57"
29,2002,"Marzo ",18,"https://www.rosario.gob.ar/normativa/ver/boletin.do?accion=ver2&id=56"
28,2002,"Febrero ",23,"https://www.rosario.gob.ar/normativa/ver/boletin.do?accion=ver2&id=55"
27,2001,"Noviembre ",29,"https://www.rosario.gob.ar/normativa/ver/boletin.do?accion=ver2&id=54"
26,2001,"Julio ",20,"https://www.rosario.gob.ar/normativa/ver/boletin.do?accion=ver2&id=51"
25,2001,"Mayo ",28,"https://www.rosario.gob.ar/normativa/ver/boletin.do?accion=ver2&id=50"
24,2001,"Febrero ",28,"https://www.rosario.gob.ar/normativa/ver/boletin.do?accion=ver2&id=48"
23,2000,"Diciembre ",17,"https://www.rosario.gob.ar/normativa/ver/boletin.do?accion=ver2&id=47"
22,2000,"Noviembre ",19,"https://www.rosario.gob.ar/normativa/ver/boletin.do?accion=ver2&id=46"
21,2000,"Octubre ",15,"https://www.rosario.gob.ar/normativa/ver/boletin.do?accion=ver2&id=44"
20,2000,"Septiembre ",7,"https://www.rosario.gob.ar/normativa/ver/boletin.do?accion=ver2&id=43"
19,2000,"Septiembre ",27,"https://www.rosario.gob.ar/normativa/ver/boletin.do?accion=ver2&id=42"
18,2000,"Agosto ",9,"https://www.rosario.gob.ar/normativa/ver/boletin.do?accion=ver2&id=41"
17,2000,"Junio ",18,"https://www.rosario.gob.ar/normativa/ver/boletin.do?accion=ver2&id=39"
16,2000,"Junio ",24,"https://www.rosario.gob.ar/normativa/ver/boletin.do?accion=ver2&id=38"
15,2000,"Mayo ",16,"https://www.rosario.gob.ar/normativa/ver/boletin.do?accion=ver2&id=37"
14,2000,"Mayo ",12,"https://www.rosario.gob.ar/normativa/ver/boletin.do?accion=ver2&id=35"
13,2000,"Abril ",13,"https://www.rosario.gob.ar/normativa/ver/boletin.do?accion=ver2&id=34"
12,2000,"Abril ",10,"https://www.rosario.gob.ar/normativa/ver/boletin.do?accion=ver2&id=33"
11,2000,"Marzo ",11,"https://www.rosario.gob.ar/normativa/ver/boletin.do?accion=ver2&id=32"
10,2000,"Marzo ",20,"https://www.rosario.gob.ar/normativa/ver/boletin.do?accion=ver2&id=31"
9,2000,"Febrero ",16,"https://www.rosario.gob.ar/normativa/ver/boletin.do?accion=ver2&id=29"
8,2000,"Enero ",13,"https://www.rosario.gob.ar/normativa/ver/boletin.do?accion=ver2&id=28"
7,2000,"Enero ",12,"https://www.rosario.gob.ar/normativa/ver/boletin.do?accion=ver2&id=27"
6,1999,"Diciembre ",14,"https://www.rosario.gob.ar/normativa/ver/boletin.do?accion=ver2&id=25"
5,1999,"Diciembre ",22,"https://www.rosario.gob.ar/normativa/ver/boletin.do?accion=ver2&id=24"
4,1999,"Noviembre ",15,"https://www.rosario.gob.ar/normativa/ver/boletin.do?accion=ver2&id=63"
3,1999,"Octubre ",25,"https://www.rosario.gob.ar/normativa/ver/boletin.do?accion=ver2&id=62"
2,1999,"Septiembre ",10,"https://www.rosario.gob.ar/normativa/ver/boletin.do?accion=ver2&id=61"
1,1999,"Septiembre ",9,"https://www.rosario.gob.ar/normativa/ver/boletin.do?accion=ver2&id=60"
